{
	"info": {
		"_postman_id": "31156576-61b5-4fc7-879f-8e172206dd6a",
		"name": "Crypto-Exchange",
		"schema": "https://schema.getpostman.com/json/collection/v2.1.0/collection.json",
		"_exporter_id": "6717811"
	},
	"item": [
		{
			"name": "Users",
			"item": [
				{
					"name": "Register New User",
					"request": {
						"method": "POST",
						"header": [],
						"body": {
							"mode": "raw",
							"raw": "{\n    \"firstName\": \"Raju\",\n    \"lastName\": \"Kumar\",\n    \"phoneNumber\": \"+919158798418\",\n    \"walletAddress\": \"0xc3090cd5160CB689051F0083944cbcEa6a1be19B\",\n    \"accountAddress\": \"some accountAddress\"\n}",
							"options": {
								"raw": {
									"language": "json"
								}
							}
						},
						"url": {
							"raw": "{{server}}/users/register",
							"host": [
								"{{server}}"
							],
							"path": [
								"users",
								"register"
							]
						}
					},
					"response": []
				},
				{
					"name": "Get All Users",
					"request": {
						"auth": {
							"type": "bearer",
							"bearer": [
								{
									"key": "token",
									"value": "eyJhbGciOiJIUzI1NiIsInR5cCI6IkpXVCJ9.eyJlbWFpbCI6InRvbUBtYWlsLmNvbSIsIl9pZCI6IjYzOTE2YTRjYTAxZDQ4OTkxOWNiMDY0MyIsImlhdCI6MTY3MDY0ODIwNSwiZXhwIjoxNjcwOTA3NDA1fQ.8knQcftPJg0LgpqI3V6JVNwrBUVkaHKwFK69Rrvpoz4",
									"type": "string"
								}
							]
						},
						"method": "GET",
						"header": [],
						"url": {
							"raw": "{{server}}/users",
							"host": [
								"{{server}}"
							],
							"path": [
								"users"
							]
						}
					},
					"response": []
				},
				{
					"name": "Get User Details",
					"request": {
						"auth": {
							"type": "bearer",
							"bearer": [
								{
									"key": "token",
									"value": "eyJhbGciOiJIUzI1NiIsInR5cCI6IkpXVCJ9.eyJlbWFpbCI6InRvbUBtYWlsLmNvbSIsIl9pZCI6IjYzOTE2YTRjYTAxZDQ4OTkxOWNiMDY0MyIsImlhdCI6MTY3MDY0ODIwNSwiZXhwIjoxNjcwOTA3NDA1fQ.8knQcftPJg0LgpqI3V6JVNwrBUVkaHKwFK69Rrvpoz4",
									"type": "string"
								}
							]
						},
						"method": "GET",
						"header": [],
						"url": {
							"raw": "{{server}}/users/getUserDetails",
							"host": [
								"{{server}}"
							],
							"path": [
								"users",
								"getUserDetails"
							]
						}
					},
					"response": []
				},
				{
					"name": "Apply for Kyc",
					"request": {
						"auth": {
							"type": "bearer",
							"bearer": [
								{
									"key": "token",
									"value": "eyJhbGciOiJIUzI1NiIsInR5cCI6IkpXVCJ9.eyJlbWFpbCI6InRvbUBtYWlsLmNvbSIsIl9pZCI6IjYzOTE2YTRjYTAxZDQ4OTkxOWNiMDY0MyIsImlhdCI6MTY3MDU4NTY1MSwiZXhwIjoxNjcwODQ0ODUxfQ.as8Ntpk6K29Z6cU5553qAGPBvMk-CzNsOEki2fXjaQE",
									"type": "string"
								}
							]
						},
						"method": "POST",
						"header": [],
						"url": {
							"raw": "{{server}}/users/kyc/:id",
							"host": [
								"{{server}}"
							],
							"path": [
								"users",
								"kyc",
								":id"
							],
							"variable": [
								{
									"key": "id",
									"value": "63916a4ca01d489919cb0643"
								}
							]
						}
					},
					"response": []
				},
				{
					"name": "Login",
					"request": {
						"method": "POST",
						"header": [],
						"body": {
							"mode": "raw",
							"raw": "{\n    \"phoneNumber\": \"+919158798418\"\n}",
							"options": {
								"raw": {
									"language": "json"
								}
							}
						},
						"url": {
							"raw": "{{server}}/users/login",
							"host": [
								"{{server}}"
							],
							"path": [
								"users",
								"login"
							]
						}
					},
					"response": []
				},
				{
					"name": "Add Stripe Account",
					"request": {
						"auth": {
							"type": "bearer",
							"bearer": [
								{
									"key": "token",
									"value": "eyJhbGciOiJIUzI1NiIsInR5cCI6IkpXVCJ9.eyJlbWFpbCI6InRvbUBtYWlsLmNvbSIsIl9pZCI6IjYzOTE2YTRjYTAxZDQ4OTkxOWNiMDY0MyIsImlhdCI6MTY3MTYwNDA5NCwiZXhwIjoxNjcxODYzMjk0fQ.p9NN65uNOVDEO2inEjj7kK1ND1j3DEAvv8aF9-ZsHXo",
									"type": "string"
								}
							]
						},
						"method": "POST",
						"header": [],
						"url": {
							"raw": "{{server}}/users/createStripeAccount",
							"host": [
								"{{server}}"
							],
							"path": [
								"users",
								"createStripeAccount"
							]
						}
					},
					"response": []
				},
				{
					"name": "Verify Login OTP",
					"request": {
						"method": "POST",
						"header": [],
						"body": {
							"mode": "raw",
							"raw": "{\n    \"phoneNumber\": \"+919158798418\",\n    \"otp\": \"713916\"\n}",
							"options": {
								"raw": {
									"language": "json"
								}
							}
						},
						"url": {
							"raw": "{{server}}/users/verifyLoginOtp",
							"host": [
								"{{server}}"
							],
							"path": [
								"users",
								"verifyLoginOtp"
							]
						}
					},
					"response": []
				}
			]
		},
		{
			"name": "Offers",
			"item": [
				{
					"name": "Add New Offer",
					"request": {
						"auth": {
							"type": "bearer",
							"bearer": [
								{
									"key": "token",
									"value": "eyJhbGciOiJIUzI1NiIsInR5cCI6IkpXVCJ9.eyJlbWFpbCI6InRvbUBtYWlsLmNvbSIsIl9pZCI6IjYzOTE2YTRjYTAxZDQ4OTkxOWNiMDY0MyIsImlhdCI6MTY3MDU4NTY1MSwiZXhwIjoxNjcwODQ0ODUxfQ.as8Ntpk6K29Z6cU5553qAGPBvMk-CzNsOEki2fXjaQE",
									"type": "string"
								}
							]
						},
						"method": "POST",
						"header": [],
						"body": {
							"mode": "raw",
							"raw": "{\n    \"amount\": \"2\",\n    \"assetName\": \"ETH\",\n    \"pricePerUnit\": \"2000\",\n    \"currencyName\": \"USD\"\n}",
							"options": {
								"raw": {
									"language": "json"
								}
							}
						},
						"url": {
							"raw": "{{server}}/offers/addNewOffer",
							"host": [
								"{{server}}"
							],
							"path": [
								"offers",
								"addNewOffer"
							]
						}
					},
					"response": []
				},
				{
					"name": "Get All Offers",
					"request": {
						"auth": {
							"type": "bearer",
							"bearer": [
								{
									"key": "token",
									"value": "eyJhbGciOiJIUzI1NiIsInR5cCI6IkpXVCJ9.eyJlbWFpbCI6InRvbUBtYWlsLmNvbSIsIl9pZCI6IjYzOTE2YTRjYTAxZDQ4OTkxOWNiMDY0MyIsImlhdCI6MTY3MDkxMjQ0NywiZXhwIjoxNjcxMTcxNjQ3fQ.kT2sZZmXiBaRfNAMiX7c_ejBsflIvnAbSjPwXHRVijA",
									"type": "string"
								}
							]
						},
						"method": "GET",
						"header": [],
						"url": {
							"raw": "{{server}}/offers",
							"host": [
								"{{server}}"
							],
							"path": [
								"offers"
							]
						}
					},
					"response": []
				},
				{
					"name": "Update Offer",
					"request": {
						"auth": {
							"type": "noauth"
						},
						"method": "PATCH",
						"header": [
							{
								"key": "Authorization",
								"value": "1",
								"type": "text"
							}
						],
						"body": {
							"mode": "raw",
							"raw": "{\n    \"pricePerUnit\": \"2020\"\n}",
							"options": {
								"raw": {
									"language": "json"
								}
							}
						},
						"url": {
							"raw": "{{server}}/offers/updateOffer/:id",
							"host": [
								"{{server}}"
							],
							"path": [
								"offers",
								"updateOffer",
								":id"
							],
							"variable": [
								{
									"key": "id",
									"value": "0"
								}
							]
						}
					},
					"response": []
				},
				{
					"name": "Cancel Offer",
					"request": {
						"method": "PATCH",
						"header": [
							{
								"key": "Authorization",
								"value": "1",
								"type": "text"
							}
						],
						"url": {
							"raw": "{{server}}/offers/cancelOffer/:id",
							"host": [
								"{{server}}"
							],
							"path": [
								"offers",
								"cancelOffer",
								":id"
							],
							"variable": [
								{
									"key": "id",
									"value": "0"
								}
							]
						}
					},
					"response": []
				},
				{
					"name": "Get Offer Details",
					"request": {
						"auth": {
							"type": "bearer",
							"bearer": [
								{
									"key": "token",
									"value": "eyJhbGciOiJIUzI1NiIsInR5cCI6IkpXVCJ9.eyJlbWFpbCI6InRvbUBtYWlsLmNvbSIsIl9pZCI6IjYzOTE2YTRjYTAxZDQ4OTkxOWNiMDY0MyIsImlhdCI6MTY3MDkxMjQ0NywiZXhwIjoxNjcxMTcxNjQ3fQ.kT2sZZmXiBaRfNAMiX7c_ejBsflIvnAbSjPwXHRVijA",
									"type": "string"
								}
							]
						},
						"method": "GET",
						"header": [],
						"url": {
							"raw": "{{server}}/offers/getOfferDetails/:id",
							"host": [
								"{{server}}"
							],
							"path": [
								"offers",
								"getOfferDetails",
								":id"
							],
							"variable": [
								{
									"key": "id",
									"value": "639321964b57e0fab8dc50bd"
								}
							]
						}
					},
					"response": []
				},
				{
					"name": "Accept a Bid",
					"request": {
						"method": "POST",
						"header": [
							{
								"key": "Authorization",
								"value": "1",
								"type": "text"
							}
						],
						"body": {
							"mode": "raw",
							"raw": "{\n    \"bidId\": 0,\n    \"offerId\": 0\n}",
							"options": {
								"raw": {
									"language": "json"
								}
							}
						},
						"url": {
							"raw": "{{server}}/offers/acceptABid",
							"host": [
								"{{server}}"
							],
							"path": [
								"offers",
								"acceptABid"
							]
						}
					},
					"response": []
				}
			]
		},
		{
			"name": "Bids",
			"item": [
				{
					"name": "Add New Bid",
					"request": {
						"auth": {
							"type": "bearer",
							"bearer": [
								{
									"key": "token",
									"value": "eyJhbGciOiJIUzI1NiIsInR5cCI6IkpXVCJ9.eyJlbWFpbCI6InRvbUBtYWlsLmNvbSIsIl9pZCI6IjYzOTE2YTRjYTAxZDQ4OTkxOWNiMDY0MyIsImlhdCI6MTY3MDkxMjQ0NywiZXhwIjoxNjcxMTcxNjQ3fQ.kT2sZZmXiBaRfNAMiX7c_ejBsflIvnAbSjPwXHRVijA",
									"type": "string"
								}
							]
						},
						"method": "POST",
						"header": [],
						"body": {
							"mode": "raw",
							"raw": "{\n    \"pricePerUnit\": \"1901\",\n    \"bidder\": \"639189e8ae8f76c1432c4d90\",\n    \"offer\": \"639321964b57e0fab8dc50bd\"\n}",
							"options": {
								"raw": {
									"language": "json"
								}
							}
						},
						"url": {
							"raw": "{{server}}/bids/addNewBid",
							"host": [
								"{{server}}"
							],
							"path": [
								"bids",
								"addNewBid"
							]
						}
					},
					"response": []
				},
				{
					"name": "Get All Bids",
					"request": {
						"auth": {
							"type": "bearer",
							"bearer": [
								{
									"key": "token",
									"value": "eyJhbGciOiJIUzI1NiIsInR5cCI6IkpXVCJ9.eyJlbWFpbCI6InRvbUBtYWlsLmNvbSIsIl9pZCI6IjYzOTE2YTRjYTAxZDQ4OTkxOWNiMDY0MyIsImlhdCI6MTY3MDkxMjQ0NywiZXhwIjoxNjcxMTcxNjQ3fQ.kT2sZZmXiBaRfNAMiX7c_ejBsflIvnAbSjPwXHRVijA",
									"type": "string"
								}
							]
						},
						"method": "GET",
						"header": [],
						"url": {
							"raw": "{{server}}/bids",
							"host": [
								"{{server}}"
							],
							"path": [
								"bids"
							]
						}
					},
					"response": []
				},
				{
					"name": "Update Bid Price",
					"request": {
						"method": "PATCH",
						"header": [
							{
								"key": "Authorization",
								"value": "1",
								"type": "text"
							}
						],
						"body": {
							"mode": "raw",
							"raw": "{\n    \"pricePerUnit\": \"2000\"\n}",
							"options": {
								"raw": {
									"language": "json"
								}
							}
						},
						"url": {
							"raw": "{{server}}/bids/updateBidPrice/:Id",
							"host": [
								"{{server}}"
							],
							"path": [
								"bids",
								"updateBidPrice",
								":Id"
							],
							"variable": [
								{
									"key": "Id",
									"value": "0"
								}
							]
						}
					},
					"response": []
				},
				{
					"name": "Get Bid Details",
					"request": {
						"method": "GET",
						"header": [],
						"url": {
							"raw": "{{server}}/bids/getBidDetails/:id",
							"host": [
								"{{server}}"
							],
							"path": [
								"bids",
								"getBidDetails",
								":id"
							],
							"variable": [
								{
									"key": "id",
									"value": "1"
								}
							]
						}
					},
					"response": []
				},
				{
					"name": "Cancel a bid",
					"request": {
						"method": "PATCH",
						"header": [
							{
								"key": "Authorization",
								"value": "1",
								"type": "text"
							}
						],
						"url": {
							"raw": "{{server}}/bids/cancelBid/:id",
							"host": [
								"{{server}}"
							],
							"path": [
								"bids",
								"cancelBid",
								":id"
							],
							"variable": [
								{
									"key": "id",
									"value": "1"
								}
							]
						}
					},
					"response": []
				},
				{
					"name": "Get Insynced Bids",
					"request": {
						"auth": {
							"type": "bearer",
							"bearer": [
								{
									"key": "token",
									"value": "eyJhbGciOiJIUzI1NiIsInR5cCI6IkpXVCJ9.eyJwaG9uZU51bWJlciI6Iis5MTkxNTg3OTg0MTgiLCJfaWQiOiI2M2E5NGU2YTQ4NDA0NDM0ZGIwNzlmYWIiLCJpYXQiOjE2NzIzMDk2MjYsImV4cCI6MTY3MjU2ODgyNn0.aehjfqn8p58WF-aETL_kdLjIUz8ZYwc9NMN1hetLfNE",
									"type": "string"
								}
							]
						},
						"method": "GET",
						"header": [],
						"url": {
							"raw": "{{server}}/bids/getInSyncedBids/:fcmRegToken",
							"host": [
								"{{server}}"
							],
							"path": [
								"bids",
								"getInSyncedBids",
								":fcmRegToken"
							],
							"variable": [
								{
									"key": "fcmRegToken",
									"value": "f5eJfaAZ1qIUQYviiACSvT:APA91bGRxmiu_xKFZuE3PUUqGUAPoXnfJ7kdLrqkFkmzm3Laiy0ArD6TvopMn-Z_wsz1pZlgk_mUOCGqNn7xWLL_mcypZ0oIlNhjyXNOag5g6T20p-FW-StmBgK0pcw9d_bO63k4gjet"
								}
							]
						}
					},
					"response": []
				},
				{
					"name": "Sync Device",
					"request": {
						"auth": {
							"type": "bearer",
							"bearer": [
								{
									"key": "token",
									"value": "eyJhbGciOiJIUzI1NiIsInR5cCI6IkpXVCJ9.eyJwaG9uZU51bWJlciI6Iis5MTkxNTg3OTg0MTgiLCJfaWQiOiI2M2E5NGU2YTQ4NDA0NDM0ZGIwNzlmYWIiLCJpYXQiOjE2NzIzMDk2MjYsImV4cCI6MTY3MjU2ODgyNn0.aehjfqn8p58WF-aETL_kdLjIUz8ZYwc9NMN1hetLfNE",
									"type": "string"
								}
							]
						},
						"method": "POST",
						"header": [],
						"body": {
							"mode": "raw",
							"raw": "{\n    \"fcmRegToken\": \"f5eJfaAZ1qIUQYviiACSvT:APA91bGRxmiu_xKFZuE3PUUqGUAPoXnfJ7kdLrqkFkmzm3Laiy0ArD6TvopMn-Z_wsz1pZlgk_mUOCGqNn7xWLL_mcypZ0oIlNhjyXNOag5g6T20p-FW-StmBgK0pcw9d_bO63k4gjet\"\n}",
							"options": {
								"raw": {
									"language": "json"
								}
							}
						},
						"url": {
							"raw": "{{server}}/bids/syncDevice",
							"host": [
								"{{server}}"
							],
							"path": [
								"bids",
								"syncDevice"
							]
						}
					},
					"response": []
				}
			]
		},
		{
			"name": "Transactions",
			"item": [
				{
					"name": "Get Transaction",
					"request": {
						"auth": {
							"type": "bearer",
							"bearer": [
								{
									"key": "token",
									"value": "eyJhbGciOiJIUzI1NiIsInR5cCI6IkpXVCJ9.eyJlbWFpbCI6InRvbUBtYWlsLmNvbSIsIl9pZCI6IjYzOTE2YTRjYTAxZDQ4OTkxOWNiMDY0MyIsImlhdCI6MTY3MDkxMjQ0NywiZXhwIjoxNjcxMTcxNjQ3fQ.kT2sZZmXiBaRfNAMiX7c_ejBsflIvnAbSjPwXHRVijA",
									"type": "string"
								}
							]
						},
						"method": "GET",
						"header": [],
						"url": {
							"raw": "{{server}}/transactions/transactionDetails/:sessionId",
							"host": [
								"{{server}}"
							],
							"path": [
								"transactions",
								"transactionDetails",
								":sessionId"
							],
							"variable": [
								{
									"key": "sessionId",
									"value": "asdf"
								}
							]
						}
					},
					"response": []
				}
			]
		},
		{
			"name": "Remote Test",
			"item": [
				{
					"name": "User Login",
					"request": {
						"method": "POST",
						"header": [],
						"body": {
							"mode": "raw",
							"raw": "{\n    \"phoneNumber\": \"+919158798418\"\n}",
							"options": {
								"raw": {
									"language": "json"
								}
							}
						},
						"url": {
							"raw": "{{TEST_REMOTE}}/users/login",
							"host": [
								"{{TEST_REMOTE}}"
							],
							"path": [
								"users",
								"login"
							]
						}
					},
					"response": []
				}
			]
		},
		{
			"name": "Test",
			"request": {
				"method": "GET",
				"header": [],
				"url": {
					"raw": "{{server}}",
					"host": [
						"{{server}}"
					]
				}
			},
			"response": []
		}
	],
	"event": [
		{
			"listen": "prerequest",
			"script": {
				"type": "text/javascript",
				"exec": [
					""
				]
			}
		},
		{
			"listen": "test",
			"script": {
				"type": "text/javascript",
				"exec": [
					""
				]
			}
		}
	],
	"variable": [
		{
			"key": "server",
			"value": "http://localhost:3000"
		},
		{
			"key": "TEST_REMOTE",
			"value": "http://13.127.190.238:3001"
		}
	]
}