[
    {
        "name": "Binance",
        "symbol": "BNB",
        "address": "0xbb4CdB9CBd36B01bD1cBaEBF2De08d9173bc095c",
        "chainId": 56,
        "decimals": 18,
        "logoURI": "https://tokens.pancakeswap.finance/images/0xbb4CdB9CBd36B01bD1cBaEBF2De08d9173bc095c.png"
      },
      {
      "name": "Ethereum",
     "address": "0xC02aaA39b223FE8D0A0e5C4F27eAD9083C756Cc2",
      "symbol": "WETH",
      "decimals": 18,
       "chainId": 1,
      "logoURI": "https://raw.githubusercontent.com/trustwallet/assets/master/blockchains/ethereum/assets/0xC02aaA39b223FE8D0A0e5C4F27eAD9083C756Cc2/logo.png"
          },
          {
            "chainId": 1,
            "address": "0x111111111117dC0aa78b770fA6A738034120C302",
            "name": "1inch",
            "symbol": "1INCH",
            "decimals": 18,
            "logoURI": "https://assets.coingecko.com/coins/images/13469/thumb/1inch-token.png?1608803028",
            "extensions": {
              "bridgeInfo": {
                "137": {
                  "tokenAddress": "0x9c2C5fd7b07E95EE044DDeba0E97a665F142394f"
                },
                "42161": {
                  "tokenAddress": "0x6314C31A7a1652cE482cffe247E9CB7c3f4BB9aF"
                }
              }
            }
          },
          {
            "chainId": 1,
            "address": "0x7Fc66500c84A76Ad7e9c93437bFc5Ac33E2DDaE9",
            "name": "Aave",
            "symbol": "AAVE",
            "decimals": 18,
            "logoURI": "https://assets.coingecko.com/coins/images/12645/thumb/AAVE.png?1601374110",
            "extensions": {
              "bridgeInfo": {
                "10": {
                  "tokenAddress": "0x76FB31fb4af56892A25e32cFC43De717950c9278"
                },
                "137": {
                  "tokenAddress": "0xD6DF932A45C0f255f85145f286eA0b292B21C90B"
                },
                "42161": {
                  "tokenAddress": "0xba5DdD1f9d7F570dc94a51479a000E3BCE967196"
                }
              }
            }
          },
          {
            "chainId": 1,
            "address": "0xB98d4C97425d9908E66E53A6fDf673ACcA0BE986",
            "name": "Arcblock",
            "symbol": "ABT",
            "decimals": 18,
            "logoURI": "https://assets.coingecko.com/coins/images/2341/thumb/arcblock.png?1547036543"
          },
          {
            "chainId": 1,
            "address": "0xEd04915c23f00A313a544955524EB7DBD823143d",
            "name": "Alchemy Pay",
            "symbol": "ACH",
            "decimals": 8,
            "logoURI": "https://assets.coingecko.com/coins/images/12390/thumb/ACH_%281%29.png?1599691266"
          },
          {
            "chainId": 1,
            "address": "0xADE00C28244d5CE17D72E40330B1c318cD12B7c3",
            "name": "Ambire AdEx",
            "symbol": "ADX",
            "decimals": 18,
            "logoURI": "https://assets.coingecko.com/coins/images/847/thumb/Ambire_AdEx_Symbol_color.png?1655432540",
            "extensions": {
              "bridgeInfo": {
                "137": {
                  "tokenAddress": "0xdDa7b23D2D72746663E7939743f929a3d85FC975"
                }
              }
            }
          },
          {
            "chainId": 1,
            "address": "0x91Af0fBB28ABA7E31403Cb457106Ce79397FD4E6",
            "name": "Aergo",
            "symbol": "AERGO",
            "decimals": 18,
            "logoURI": "https://assets.coingecko.com/coins/images/4490/thumb/aergo.png?1647696770"
          },
          {
            "chainId": 1,
            "address": "0x32353A6C91143bfd6C7d363B546e62a9A2489A20",
            "name": "Adventure Gold",
            "symbol": "AGLD",
            "decimals": 18,
            "logoURI": "https://assets.coingecko.com/coins/images/18125/thumb/lpgblc4h_400x400.jpg?1630570955",
            "extensions": {
              "bridgeInfo": {
                "137": {
                  "tokenAddress": "0x6a6bD53d677F8632631662C48bD47b1D4D6524ee"
                }
              }
            }
          },
          {
            "chainId": 1,
            "address": "0x626E8036dEB333b408Be468F951bdB42433cBF18",
            "name": "AIOZ Network",
            "symbol": "AIOZ",
            "decimals": 18,
            "logoURI": "https://assets.coingecko.com/coins/images/14631/thumb/aioz_logo.png?1617413126",
            "extensions": {
              "bridgeInfo": {
                "137": {
                  "tokenAddress": "0xe2341718c6C0CbFa8e6686102DD8FbF4047a9e9B"
                }
              }
            }
          },
          {
            "chainId": 1,
            "address": "0xdBdb4d16EdA451D0503b854CF79D55697F90c8DF",
            "name": "Alchemix",
            "symbol": "ALCX",
            "decimals": 18,
            "logoURI": "https://assets.coingecko.com/coins/images/14113/thumb/Alchemix.png?1614409874",
            "extensions": {
              "bridgeInfo": {
                "137": {
                  "tokenAddress": "0x95c300e7740D2A88a44124B424bFC1cB2F9c3b89"
                }
              }
            }
          },
          {
            "chainId": 1,
            "address": "0x27702a26126e0B3702af63Ee09aC4d1A084EF628",
            "name": "Aleph im",
            "symbol": "ALEPH",
            "decimals": 18,
            "logoURI": "https://assets.coingecko.com/coins/images/11676/thumb/Monochram-aleph.png?1608483725",
            "extensions": {
              "bridgeInfo": {
                "137": {
                  "tokenAddress": "0x82dCf1Df86AdA26b2dCd9ba6334CeDb8c2448e9e"
                }
              }
            }
          },
          {
            "chainId": 1,
            "address": "0x6B0b3a982b4634aC68dD83a4DBF02311cE324181",
            "name": "Alethea Artificial Liquid Intelligence",
            "symbol": "ALI",
            "decimals": 18,
            "logoURI": "https://assets.coingecko.com/coins/images/22062/thumb/alethea-logo-transparent-colored.png?1642748848"
          },
          {
            "chainId": 1,
            "address": "0xfF20817765cB7f73d4bde2e66e067E58D11095C2",
            "name": "Amp",
            "symbol": "AMP",
            "decimals": 18,
            "logoURI": "https://assets.coingecko.com/coins/images/12409/thumb/amp-200x200.png?1599625397",
            "extensions": {
              "bridgeInfo": {
                "137": {
                  "tokenAddress": "0x0621d647cecbFb64b79E44302c1933cB4f27054d"
                }
              }
            }
          },
          {
            "chainId": 1,
            "address": "0x8290333ceF9e6D528dD5618Fb97a76f268f3EDD4",
            "name": "Ankr",
            "symbol": "ANKR",
            "decimals": 18,
            "logoURI": "https://assets.coingecko.com/coins/images/4324/thumb/U85xTl2.png?1608111978",
            "extensions": {
              "bridgeInfo": {
                "137": {
                  "tokenAddress": "0x101A023270368c0D50BFfb62780F4aFd4ea79C35"
                }
              }
            }
          },
          {
            "name": "Aragon",
            "address": "0xa117000000f279D81A1D3cc75430fAA017FA5A2e",
            "symbol": "ANT",
            "decimals": 18,
            "chainId": 1,
            "logoURI": "https://assets.coingecko.com/coins/images/681/thumb/JelZ58cv_400x400.png?1601449653",
            "extensions": {
              "bridgeInfo": {
                "137": {
                  "tokenAddress": "0x2b8504ab5eFc246d0eC5Ec7E74565683227497de"
                }
              }
            }
          },
          {
            "chainId": 1,
            "address": "0x4d224452801ACEd8B2F0aebE155379bb5D594381",
            "name": "ApeCoin",
            "symbol": "APE",
            "decimals": 18,
            "logoURI": "https://assets.coingecko.com/coins/images/24383/small/apecoin.jpg?1647476455",
            "extensions": {
              "bridgeInfo": {
                "137": {
                  "tokenAddress": "0xB7b31a6BC18e48888545CE79e83E06003bE70930"
                },
                "42161": {
                  "tokenAddress": "0x74885b4D524d497261259B38900f54e6dbAd2210"
                }
              }
            }
          },
          {
            "chainId": 1,
            "address": "0x0b38210ea11411557c13457D4dA7dC6ea731B88a",
            "name": "API3",
            "symbol": "API3",
            "decimals": 18,
            "logoURI": "https://assets.coingecko.com/coins/images/13256/thumb/api3.jpg?1606751424",
            "extensions": {
              "bridgeInfo": {
                "137": {
                  "tokenAddress": "0x45C27821E80F8789b60Fd8B600C73815d34DDa6C"
                }
              }
            }
          },
          {
            "chainId": 1,
            "address": "0xBA50933C268F567BDC86E1aC131BE072C6B0b71a",
            "name": "ARPA Chain",
            "symbol": "ARPA",
            "decimals": 18,
            "logoURI": "https://assets.coingecko.com/coins/images/8506/thumb/9u0a23XY_400x400.jpg?1559027357",
            "extensions": {
              "bridgeInfo": {
                "137": {
                  "tokenAddress": "0xEE800B277A96B0f490a1A732e1D6395FAD960A26"
                }
              }
            }
          },
          {
            "chainId": 1,
            "address": "0x64D91f12Ece7362F91A6f8E7940Cd55F05060b92",
            "name": "ASH",
            "symbol": "ASH",
            "decimals": 18,
            "logoURI": "https://assets.coingecko.com/coins/images/15714/thumb/omnPqaTY.png?1622820503"
          },
          {
            "chainId": 1,
            "address": "0x2565ae0385659badCada1031DB704442E1b69982",
            "name": "Assemble Protocol",
            "symbol": "ASM",
            "decimals": 18,
            "logoURI": "https://assets.coingecko.com/coins/images/11605/thumb/gpvrlkSq_400x400_%281%29.jpg?1591775789"
          },
          {
            "chainId": 1,
            "address": "0x27054b13b1B798B345b591a4d22e6562d47eA75a",
            "name": "AirSwap",
            "symbol": "AST",
            "decimals": 4,
            "logoURI": "https://assets.coingecko.com/coins/images/1019/thumb/Airswap.png?1630903484",
            "extensions": {
              "bridgeInfo": {
                "137": {
                  "tokenAddress": "0x04bEa9FCE76943E90520489cCAb84E84C0198E29"
                }
              }
            }
          },
          {
            "chainId": 1,
            "address": "0xA9B1Eb5908CfC3cdf91F9B8B3a74108598009096",
            "name": "Bounce",
            "symbol": "AUCTION",
            "decimals": 18,
            "logoURI": "https://assets.coingecko.com/coins/images/13860/thumb/1_KtgpRIJzuwfHe0Rl0avP_g.jpeg?1612412025"
          },
          {
            "chainId": 1,
            "address": "0x18aAA7115705e8be94bfFEBDE57Af9BFc265B998",
            "name": "Audius",
            "symbol": "AUDIO",
            "decimals": 18,
            "logoURI": "https://assets.coingecko.com/coins/images/12913/thumb/AudiusCoinLogo_2x.png?1603425727",
            "extensions": {
              "bridgeInfo": {
                "137": {
                  "tokenAddress": "0x5eB8D998371971D01954205c7AFE90A7AF6a95AC"
                }
              }
            }
          },
          {
            "chainId": 1,
            "address": "0x845576c64f9754CF09d87e45B720E82F3EeF522C",
            "name": "Artverse Token",
            "symbol": "AVT",
            "decimals": 18,
            "logoURI": "https://assets.coingecko.com/coins/images/19727/thumb/ewnektoB_400x400.png?1635767094"
          },
          {
            "chainId": 1,
            "address": "0xBB0E17EF65F82Ab018d8EDd776e8DD940327B28b",
            "name": "Axie Infinity",
            "symbol": "AXS",
            "decimals": 18,
            "logoURI": "https://assets.coingecko.com/coins/images/13029/thumb/axie_infinity_logo.png?1604471082",
            "extensions": {
              "bridgeInfo": {
                "137": {
                  "tokenAddress": "0x61BDD9C7d4dF4Bf47A4508c0c8245505F2Af5b7b"
                },
                "42161": {
                  "tokenAddress": "0xe88998Fb579266628aF6a03e3821d5983e5D0089"
                }
              }
            }
          },
          {
            "chainId": 1,
            "address": "0x3472A5A71965499acd81997a54BBA8D852C6E53d",
            "name": "Badger DAO",
            "symbol": "BADGER",
            "decimals": 18,
            "logoURI": "https://assets.coingecko.com/coins/images/13287/thumb/badger_dao_logo.jpg?1607054976",
            "extensions": {
              "bridgeInfo": {
                "137": {
                  "tokenAddress": "0x1FcbE5937B0cc2adf69772D228fA4205aCF4D9b2"
                },
                "42161": {
                  "tokenAddress": "0xBfa641051Ba0a0Ad1b0AcF549a89536A0D76472E"
                }
              }
            }
          },
          {
            "name": "Balancer",
            "address": "0xba100000625a3754423978a60c9317c58a424e3D",
            "symbol": "BAL",
            "decimals": 18,
            "chainId": 1,
            "logoURI": "https://raw.githubusercontent.com/trustwallet/assets/master/blockchains/ethereum/assets/0xba100000625a3754423978a60c9317c58a424e3D/logo.png",
            "extensions": {
              "bridgeInfo": {
                "137": {
                  "tokenAddress": "0x9a71012B13CA4d3D0Cdc72A177DF3ef03b0E76A3"
                },
                "42161": {
                  "tokenAddress": "0x040d1EdC9569d4Bab2D15287Dc5A4F10F56a56B8"
                }
              }
            }
          },
          {
            "chainId": 1,
            "address": "0xBA11D00c5f74255f56a5E366F4F77f5A186d7f55",
            "name": "Band Protocol",
            "symbol": "BAND",
            "decimals": 18,
            "logoURI": "https://assets.coingecko.com/coins/images/9545/thumb/band-protocol.png?1568730326",
            "extensions": {
              "bridgeInfo": {
                "137": {
                  "tokenAddress": "0xA8b1E0764f85f53dfe21760e8AfE5446D82606ac"
                }
              }
            }
          },
          {
            "chainId": 1,
            "address": "0x0D8775F648430679A709E98d2b0Cb6250d2887EF",
            "name": "Basic Attention Token",
            "symbol": "BAT",
            "decimals": 18,
            "logoURI": "https://assets.coingecko.com/coins/images/677/thumb/basic-attention-token.png?1547034427",
            "extensions": {
              "bridgeInfo": {
                "137": {
                  "tokenAddress": "0x3Cef98bb43d732E2F285eE605a8158cDE967D219"
                },
                "42161": {
                  "tokenAddress": "0x3450687EF141dCd6110b77c2DC44B008616AeE75"
                }
              }
            }
          },
          {
            "chainId": 1,
            "address": "0xF17e65822b568B3903685a7c9F496CF7656Cc6C2",
            "name": "Biconomy",
            "symbol": "BICO",
            "decimals": 18,
            "logoURI": "https://assets.coingecko.com/coins/images/21061/thumb/biconomy_logo.jpg?1638269749",
            "extensions": {
              "bridgeInfo": {
                "137": {
                  "tokenAddress": "0x91c89A94567980f0e9723b487b0beD586eE96aa7"
                },
                "42161": {
                  "tokenAddress": "0xa68Ec98D7ca870cF1Dd0b00EBbb7c4bF60A8e74d"
                }
              }
            }
          },
          {
            "chainId": 1,
            "address": "0x1A4b46696b2bB4794Eb3D4c26f1c55F9170fa4C5",
            "name": "BitDAO",
            "symbol": "BIT",
            "decimals": 18,
            "logoURI": "https://assets.coingecko.com/coins/images/17627/thumb/rI_YptK8.png?1653983088",
            "extensions": {
              "bridgeInfo": {
                "42161": {
                  "tokenAddress": "0x406C8dB506653D882295875F633bEC0bEb921C2A"
                }
              }
            }
          },
          {
            "chainId": 1,
            "address": "0x5732046A883704404F284Ce41FfADd5b007FD668",
            "name": "Bluzelle",
            "symbol": "BLZ",
            "decimals": 18,
            "logoURI": "https://assets.coingecko.com/coins/images/2848/thumb/ColorIcon_3x.png?1622516510",
            "extensions": {
              "bridgeInfo": {
                "137": {
                  "tokenAddress": "0x438B28C5AA5F00a817b7Def7cE2Fb3d5d1970974"
                }
              }
            }
          },
          {
            "name": "Bancor Network Token",
            "address": "0x1F573D6Fb3F13d689FF844B4cE37794d79a7FF1C",
            "symbol": "BNT",
            "decimals": 18,
            "chainId": 1,
            "logoURI": "https://raw.githubusercontent.com/trustwallet/assets/master/blockchains/ethereum/assets/0x1F573D6Fb3F13d689FF844B4cE37794d79a7FF1C/logo.png",
            "extensions": {
              "bridgeInfo": {
                "137": {
                  "tokenAddress": "0xc26D47d5c33aC71AC5CF9F776D63Ba292a4F7842"
                }
              }
            }
          },
          {
            "chainId": 1,
            "address": "0x42bBFa2e77757C645eeaAd1655E0911a7553Efbc",
            "name": "Boba Network",
            "symbol": "BOBA",
            "decimals": 18,
            "logoURI": "https://assets.coingecko.com/coins/images/20285/thumb/BOBA.png?1636811576",
            "extensions": {
              "bridgeInfo": {
                "137": {
                  "tokenAddress": "0xa4B2B20b2C73c7046ED19AC6bfF5E5285c58F20a"
                }
              }
            }
          },
          {
            "chainId": 1,
            "address": "0x0391D2021f89DC339F60Fff84546EA23E337750f",
            "name": "BarnBridge",
            "symbol": "BOND",
            "decimals": 18,
            "logoURI": "https://assets.coingecko.com/coins/images/12811/thumb/barnbridge.jpg?1602728853",
            "extensions": {
              "bridgeInfo": {
                "10": {
                  "tokenAddress": "0x3e7eF8f50246f725885102E8238CBba33F276747"
                },
                "137": {
                  "tokenAddress": "0xA041544fe2BE56CCe31Ebb69102B965E06aacE80"
                },
                "42161": {
                  "tokenAddress": "0x0D81E50bC677fa67341c44D7eaA9228DEE64A4e1"
                }
              }
            }
          },
          {
            "chainId": 1,
            "address": "0x799ebfABE77a6E34311eeEe9825190B9ECe32824",
            "name": "Braintrust",
            "symbol": "BTRST",
            "decimals": 18,
            "logoURI": "https://assets.coingecko.com/coins/images/18100/thumb/braintrust.PNG?1630475394"
          },
          {
            "chainId": 1,
            "address": "0x4Fabb145d64652a948d72533023f6E7A623C7C53",
            "name": "Binance USD",
            "symbol": "BUSD",
            "decimals": 18,
            "logoURI": "https://assets.coingecko.com/coins/images/9576/thumb/BUSD.png?1568947766",
            "extensions": {
              "bridgeInfo": {
                "137": {
                  "tokenAddress": "0xdAb529f40E671A1D4bF91361c21bf9f0C9712ab7"
                },
                "42161": {
                  "tokenAddress": "0x31190254504622cEFdFA55a7d3d272e6462629a2"
                }
              }
            }
          },
          {
            "chainId": 1,
            "address": "0xAE12C5930881c53715B369ceC7606B70d8EB229f",
            "name": "Coin98",
            "symbol": "C98",
            "decimals": 18,
            "logoURI": "https://assets.coingecko.com/coins/images/17117/thumb/logo.png?1626412904"
          },
          {
            "chainId": 1,
            "address": "0x4F9254C83EB525f9FCf346490bbb3ed28a81C667",
            "name": "Celer Network",
            "symbol": "CELR",
            "decimals": 18,
            "logoURI": "https://assets.coingecko.com/coins/images/4379/thumb/Celr.png?1554705437",
            "extensions": {
              "bridgeInfo": {
                "137": {
                  "tokenAddress": "0x91a4635F620766145C099E15889Bd2766906A559"
                },
                "42161": {
                  "tokenAddress": "0x3a8B787f78D775AECFEEa15706D4221B40F345AB"
                }
              }
            }
          },
          {
            "chainId": 1,
            "address": "0x8A2279d4A90B6fe1C4B30fa660cC9f926797bAA2",
            "name": "Chromia",
            "symbol": "CHR",
            "decimals": 6,
            "logoURI": "https://assets.coingecko.com/coins/images/5000/thumb/Chromia.png?1559038018",
            "extensions": {
              "bridgeInfo": {
                "137": {
                  "tokenAddress": "0x594C984E3318e91313f881B021A0C4203fF5E59F"
                }
              }
            }
          },
          {
            "chainId": 1,
            "address": "0x3506424F91fD33084466F402d5D97f05F8e3b4AF",
            "name": "Chiliz",
            "symbol": "CHZ",
            "decimals": 18,
            "logoURI": "https://assets.coingecko.com/coins/images/8834/thumb/Chiliz.png?1561970540",
            "extensions": {
              "bridgeInfo": {
                "137": {
                  "tokenAddress": "0xf1938Ce12400f9a761084E7A80d37e732a4dA056"
                }
              }
            }
          },
          {
            "chainId": 1,
            "address": "0x80C62FE4487E1351b47Ba49809EBD60ED085bf52",
            "name": "Clover Finance",
            "symbol": "CLV",
            "decimals": 18,
            "logoURI": "https://assets.coingecko.com/coins/images/15278/thumb/clover.png?1645084454"
          },
          {
            "name": "Compound",
            "address": "0xc00e94Cb662C3520282E6f5717214004A7f26888",
            "symbol": "COMP",
            "decimals": 18,
            "chainId": 1,
            "logoURI": "https://raw.githubusercontent.com/trustwallet/assets/master/blockchains/ethereum/assets/0xc00e94Cb662C3520282E6f5717214004A7f26888/logo.png",
            "extensions": {
              "bridgeInfo": {
                "137": {
                  "tokenAddress": "0x8505b9d2254A7Ae468c0E9dd10Ccea3A837aef5c"
                },
                "42161": {
                  "tokenAddress": "0x354A6dA3fcde098F8389cad84b0182725c6C91dE"
                }
              }
            }
          },
          {
            "chainId": 1,
            "address": "0xDDB3422497E61e13543BeA06989C0789117555c5",
            "name": "COTI",
            "symbol": "COTI",
            "decimals": 18,
            "logoURI": "https://assets.coingecko.com/coins/images/2962/thumb/Coti.png?1559653863",
            "extensions": {
              "bridgeInfo": {
                "42161": {
                  "tokenAddress": "0x6FE14d3CC2f7bDdffBa5CdB3BBE7467dd81ea101"
                }
              }
            }
          },
          {
            "chainId": 1,
            "address": "0x3D658390460295FB963f54dC0899cfb1c30776Df",
            "name": "Circuits of Value",
            "symbol": "COVAL",
            "decimals": 8,
            "logoURI": "https://assets.coingecko.com/coins/images/588/thumb/coval-logo.png?1599493950"
          },
          {
            "chainId": 1,
            "address": "0xD417144312DbF50465b1C641d016962017Ef6240",
            "name": "Covalent",
            "symbol": "CQT",
            "decimals": 18,
            "logoURI": "https://assets.coingecko.com/coins/images/14168/thumb/covalent-cqt.png?1624545218",
            "extensions": {
              "bridgeInfo": {
                "137": {
                  "tokenAddress": "0x93B0fF1C8828F6eB039D345Ff681eD735086d925"
                }
              }
            }
          },
          {
            "chainId": 1,
            "address": "0xA0b73E1Ff0B80914AB6fe0444E65848C4C34450b",
            "name": "Cronos",
            "symbol": "CRO",
            "decimals": 8,
            "logoURI": "https://assets.coingecko.com/coins/images/7310/thumb/oCw2s3GI_400x400.jpeg?1645172042",
            "extensions": {
              "bridgeInfo": {
                "137": {
                  "tokenAddress": "0xAdA58DF0F643D959C2A47c9D4d4c1a4deFe3F11C"
                },
                "42161": {
                  "tokenAddress": "0x8ea3156f834A0dfC78F1A5304fAC2CdA676F354C"
                }
              }
            }
          },
          {
            "chainId": 1,
            "address": "0x08389495D7456E1951ddF7c3a1314A4bfb646d8B",
            "name": "Crypterium",
            "symbol": "CRPT",
            "decimals": 18,
            "logoURI": "https://assets.coingecko.com/coins/images/1901/thumb/crypt.png?1547036205"
          },
          {
            "name": "Curve DAO Token",
            "address": "0xD533a949740bb3306d119CC777fa900bA034cd52",
            "symbol": "CRV",
            "decimals": 18,
            "chainId": 1,
            "logoURI": "https://raw.githubusercontent.com/trustwallet/assets/master/blockchains/ethereum/assets/0xD533a949740bb3306d119CC777fa900bA034cd52/logo.png",
            "extensions": {
              "bridgeInfo": {
                "10": {
                  "tokenAddress": "0x0994206dfE8De6Ec6920FF4D779B0d950605Fb53"
                },
                "137": {
                  "tokenAddress": "0x172370d5Cd63279eFa6d502DAB29171933a610AF"
                },
                "42161": {
                  "tokenAddress": "0x11cDb42B0EB46D95f990BeDD4695A6e3fA034978"
                }
              }
            }
          },
          {
            "chainId": 1,
            "address": "0x491604c0FDF08347Dd1fa4Ee062a822A5DD06B5D",
            "name": "Cartesi",
            "symbol": "CTSI",
            "decimals": 18,
            "logoURI": "https://assets.coingecko.com/coins/images/11038/thumb/cartesi.png?1592288021",
            "extensions": {
              "bridgeInfo": {
                "137": {
                  "tokenAddress": "0x2727Ab1c2D22170ABc9b595177B2D5C6E1Ab7B7B"
                },
                "42161": {
                  "tokenAddress": "0x319f865b287fCC10b30d8cE6144e8b6D1b476999"
                }
              }
            }
          },
          {
            "chainId": 1,
            "address": "0x321C2fE4446C7c963dc41Dd58879AF648838f98D",
            "name": "Cryptex Finance",
            "symbol": "CTX",
            "decimals": 18,
            "logoURI": "https://assets.coingecko.com/coins/images/14932/thumb/glossy_icon_-_C200px.png?1619073171",
            "extensions": {
              "bridgeInfo": {
                "137": {
                  "tokenAddress": "0x8c208BC2A808a088a78398fed8f2640cab0b6EDb"
                }
              }
            }
          },
          {
            "chainId": 1,
            "address": "0xDf801468a808a32656D2eD2D2d80B72A129739f4",
            "name": "Somnium Space CUBEs",
            "symbol": "CUBE",
            "decimals": 8,
            "logoURI": "https://assets.coingecko.com/coins/images/10687/thumb/CUBE_icon.png?1617026861",
            "extensions": {
              "bridgeInfo": {
                "137": {
                  "tokenAddress": "0x276C9cbaa4BDf57d7109a41e67BD09699536FA3d"
                }
              }
            }
          },
          {
            "chainId": 1,
            "address": "0x41e5560054824eA6B0732E656E3Ad64E20e94E45",
            "name": "Civic",
            "symbol": "CVC",
            "decimals": 8,
            "logoURI": "https://assets.coingecko.com/coins/images/788/thumb/civic.png?1547034556",
            "extensions": {
              "bridgeInfo": {
                "137": {
                  "tokenAddress": "0x66Dc5A08091d1968e08C16aA5b27BAC8398b02Be"
                },
                "42161": {
                  "tokenAddress": "0x9DfFB23CAd3322440bCcFF7aB1C58E781dDBF144"
                }
              }
            }
          },
          {
            "chainId": 1,
            "address": "0x4e3FBD56CD56c3e72c1403e103b45Db9da5B9D2B",
            "name": "Convex Finance",
            "symbol": "CVX",
            "decimals": 18,
            "logoURI": "https://assets.coingecko.com/coins/images/15585/thumb/convex.png?1621256328",
            "extensions": {
              "bridgeInfo": {
                "137": {
                  "tokenAddress": "0x4257EA7637c355F81616050CbB6a9b709fd72683"
                }
              }
            }
          },
          {
            "name": "Dai Stablecoin",
            "address": "0x6B175474E89094C44Da98b954EedeAC495271d0F",
            "symbol": "DAI",
            "decimals": 18,
            "chainId": 1,
            "logoURI": "https://raw.githubusercontent.com/trustwallet/assets/master/blockchains/ethereum/assets/0x6B175474E89094C44Da98b954EedeAC495271d0F/logo.png",
            "extensions": {
              "bridgeInfo": {
                "10": {
                  "tokenAddress": "0xDA10009cBd5D07dd0CeCc66161FC93D7c9000da1"
                },
                "137": {
                  "tokenAddress": "0x8f3Cf7ad23Cd3CaDbD9735AFf958023239c6A063"
                },
                "42161": {
                  "tokenAddress": "0xDA10009cBd5D07dd0CeCc66161FC93D7c9000da1"
                }
              }
            }
          },
          {
            "chainId": 1,
            "address": "0x081131434f93063751813C619Ecca9C4dC7862a3",
            "name": "Mines of Dalarnia",
            "symbol": "DAR",
            "decimals": 6,
            "logoURI": "https://assets.coingecko.com/coins/images/19837/thumb/dar.png?1636014223"
          },
          {
            "chainId": 1,
            "address": "0x3A880652F47bFaa771908C07Dd8673A787dAEd3A",
            "name": "DerivaDAO",
            "symbol": "DDX",
            "decimals": 18,
            "logoURI": "https://assets.coingecko.com/coins/images/13453/thumb/ddx_logo.png?1608741641",
            "extensions": {
              "bridgeInfo": {
                "137": {
                  "tokenAddress": "0x26f5FB1e6C8a65b3A873fF0a213FA16EFF5a7828"
                }
              }
            }
          },
          {
            "chainId": 1,
            "address": "0x3597bfD533a99c9aa083587B074434E61Eb0A258",
            "name": "Dent",
            "symbol": "DENT",
            "decimals": 8,
            "logoURI": "https://assets.coingecko.com/coins/images/1152/thumb/gLCEA2G.png?1604543239"
          },
          {
            "chainId": 1,
            "address": "0xfB7B4564402E5500dB5bB6d63Ae671302777C75a",
            "name": "DexTools",
            "symbol": "DEXT",
            "decimals": 18,
            "logoURI": "https://assets.coingecko.com/coins/images/11603/thumb/dext.png?1605790188",
            "extensions": {
              "bridgeInfo": {
                "137": {
                  "tokenAddress": "0xff835562C761205659939B64583dd381a6AA4D92"
                }
              }
            }
          },
          {
            "chainId": 1,
            "address": "0x84cA8bc7997272c7CfB4D0Cd3D55cd942B3c9419",
            "name": "DIA",
            "symbol": "DIA",
            "decimals": 18,
            "logoURI": "https://assets.coingecko.com/coins/images/11955/thumb/image.png?1646041751",
            "extensions": {
              "bridgeInfo": {
                "137": {
                  "tokenAddress": "0x993f2CafE9dbE525243f4A78BeBC69DAc8D36000"
                },
                "42161": {
                  "tokenAddress": "0xca642467C6Ebe58c13cB4A7091317f34E17ac05e"
                }
              }
            }
          },
          
          {
            "chainId": 1,
            "address": "0xC18360217D8F7Ab5e7c516566761Ea12Ce7F9D72",
            "name": "Ethereum Name Service",
            "symbol": "ENS",
            "decimals": 18,
            "logoURI": "https://assets.coingecko.com/coins/images/19785/thumb/acatxTm8_400x400.jpg?1635850140",
            "extensions": {
              "bridgeInfo": {
                "10": {
                  "tokenAddress": "0x65559aA14915a70190438eF90104769e5E890A00"
                },
                "137": {
                  "tokenAddress": "0xbD7A5Cf51d22930B8B3Df6d834F9BCEf90EE7c4f"
                },
                "42161": {
                  "tokenAddress": "0xfeA31d704DEb0975dA8e77Bf13E04239e70d7c28"
                }
              }
            }
          },
                    {
            "chainId": 1,
            "address": "0x4E15361FD6b4BB609Fa63C81A2be19d873717870",
            "name": "Fantom",
            "symbol": "FTM",
            "decimals": 18,
            "logoURI": "https://assets.coingecko.com/coins/images/4001/thumb/Fantom.png?1558015016",
            "extensions": {
              "bridgeInfo": {
                "137": {
                  "tokenAddress": "0xC9c1c1c20B3658F8787CC2FD702267791f224Ce1"
                },
                "42161": {
                  "tokenAddress": "0xd42785D323e608B9E99fa542bd8b1000D4c2Df37"
                }
              }
            }
          },
          {
            "chainId": 1,
            "address": "0x8c15Ef5b4B21951d50E53E4fbdA8298FFAD25057",
            "name": "Function X",
            "symbol": "FX",
            "decimals": 18,
            "logoURI": "https://assets.coingecko.com/coins/images/8186/thumb/47271330_590071468072434_707260356350705664_n.jpg?1556096683"
          },
          {
            "chainId": 1,
            "address": "0x3432B6A60D23Ca0dFCa7761B7ab56459D9C964D0",
            "name": "Frax Share",
            "symbol": "FXS",
            "decimals": 18,
            "logoURI": "https://assets.coingecko.com/coins/images/13423/thumb/frax_share.png?1608478989",
            "extensions": {
              "bridgeInfo": {
                "137": {
                  "tokenAddress": "0x3e121107F6F22DA4911079845a470757aF4e1A1b"
                },
                "42161": {
                  "tokenAddress": "0xd9f9d2Ee2d3EFE420699079f16D9e924affFdEA4"
                }
              }
            }
          },
          {
            "chainId": 1,
            "address": "0x5fAa989Af96Af85384b8a938c2EdE4A7378D9875",
            "name": "Project Galaxy",
            "symbol": "GAL",
            "decimals": 18,
            "logoURI": "https://assets.coingecko.com/coins/images/24530/thumb/GAL-Token-Icon.png?1651483533"
          },
          {
            "chainId": 1,
            "address": "0x15D4c048F83bd7e37d49eA4C83a07267Ec4203dA",
            "name": "Gala",
            "symbol": "GALA",
            "decimals": 8,
            "logoURI": "https://assets.coingecko.com/coins/images/12493/thumb/GALA-COINGECKO.png?1600233435",
            "extensions": {
              "bridgeInfo": {
                "137": {
                  "tokenAddress": "0x09E1943Dd2A4e82032773594f50CF54453000b97"
                }
              }
            }
          },
          {
            "chainId": 1,
            "address": "0xdab396cCF3d84Cf2D07C4454e10C8A6F5b008D2b",
            "name": "Goldfinch",
            "symbol": "GFI",
            "decimals": 18,
            "logoURI": "https://assets.coingecko.com/coins/images/19081/thumb/GOLDFINCH.png?1634369662"
          },
          {
            "chainId": 1,
            "address": "0x3F382DbD960E3a9bbCeaE22651E88158d2791550",
            "name": "Aavegotchi",
            "symbol": "GHST",
            "decimals": 18,
            "logoURI": "https://assets.coingecko.com/coins/images/12467/thumb/ghst_200.png?1600750321",
            "extensions": {
              "bridgeInfo": {
                "137": {
                  "tokenAddress": "0x385Eeac5cB85A38A9a07A70c73e0a3271CfB54A7"
                }
              }
            }
          },
                   {
            "chainId": 1,
            "address": "0xc7283b66Eb1EB5FB86327f08e1B5816b0720212B",
            "name": "Tribe",
            "symbol": "TRIBE",
            "decimals": 18,
            "logoURI": "https://assets.coingecko.com/coins/images/14575/thumb/tribe.PNG?1617487954",
            "extensions": {
              "bridgeInfo": {
                "137": {
                  "tokenAddress": "0x8676815789211E799a6DC86d02748ADF9cF86836"
                },
                "42161": {
                  "tokenAddress": "0xBfAE6fecD8124ba33cbB2180aAb0Fe4c03914A5A"
                }
              }
            }
          },
          {
            "chainId": 1,
            "address": "0x4C19596f5aAfF459fA38B0f7eD92F11AE6543784",
            "name": "TrueFi",
            "symbol": "TRU",
            "decimals": 8,
            "logoURI": "https://assets.coingecko.com/coins/images/13180/thumb/truefi_glyph_color.png?1617610941",
            "extensions": {
              "bridgeInfo": {
                "137": {
                  "tokenAddress": "0x5b77bCA482bd3E7958b1103d123888EfCCDaF803"
                }
              }
            }
          },
          {
            "chainId": 1,
            "name": "The Virtua Kolect",
            "symbol": "TVK",
            "logoURI": "https://assets.coingecko.com/coins/images/13330/thumb/virtua_original.png?1656043619",
            "address": "0xd084B83C305daFD76AE3E1b4E1F1fe2eCcCb3988",
            "decimals": 18,
            "extensions": {
              "bridgeInfo": {
                "137": {
                  "tokenAddress": "0x5667dcC0ab74D1b1355C3b2061893399331B57e2"
                }
              }
            }
          },
          {
            "name": "UMA Voting Token v1",
            "address": "0x04Fa0d235C4abf4BcF4787aF4CF447DE572eF828",
            "symbol": "UMA",
            "decimals": 18,
            "chainId": 1,
            "logoURI": "https://raw.githubusercontent.com/trustwallet/assets/master/blockchains/ethereum/assets/0x04Fa0d235C4abf4BcF4787aF4CF447DE572eF828/logo.png",
            "extensions": {
              "bridgeInfo": {
                "10": {
                  "tokenAddress": "0xE7798f023fC62146e8Aa1b36Da45fb70855a77Ea"
                },
                "137": {
                  "tokenAddress": "0x3066818837c5e6eD6601bd5a91B0762877A6B731"
                },
                "42161": {
                  "tokenAddress": "0xd693Ec944A85eeca4247eC1c3b130DCa9B0C3b22"
                }
              }
            }
          },
          {
            "chainId": 1,
            "address": "0x441761326490cACF7aF299725B6292597EE822c2",
            "name": "Unifi Protocol DAO",
            "symbol": "UNFI",
            "decimals": 18,
            "logoURI": "https://assets.coingecko.com/coins/images/13152/thumb/logo-2.png?1605748967"
          },
          {
            "name": "Uniswap",
            "address": "0x1f9840a85d5aF5bf1D1762F925BDADdC4201F984",
            "symbol": "UNI",
            "decimals": 18,
            "chainId": 1,
            "logoURI": "ipfs://QmXttGpZrECX5qCyXbBQiqgQNytVGeZW5Anewvh2jc4psg",
            "extensions": {
              "bridgeInfo": {
                "10": {
                  "tokenAddress": "0x6fd9d7AD17242c41f7131d257212c54A0e816691"
                },
                "137": {
                  "tokenAddress": "0xb33EaAd8d922B1083446DC23f610c2567fB5180f"
                },
                "42161": {
                  "tokenAddress": "0xFa7F8980b0f1E64A2062791cc3b0871572f1F7f0"
                }
              }
            }
          },
          {
            "chainId": 1,
            "address": "0x70D2b7C19352bB76e4409858FF5746e500f2B67c",
            "name": "Pawtocol",
            "symbol": "UPI",
            "decimals": 18,
            "logoURI": "https://assets.coingecko.com/coins/images/12186/thumb/pawtocol.jpg?1597962008"
          },
          {
            "name": "USDCoin",
            "address": "0xA0b86991c6218b36c1d19D4a2e9Eb0cE3606eB48",
            "symbol": "USDC",
            "decimals": 6,
            "chainId": 1,
            "logoURI": "https://raw.githubusercontent.com/trustwallet/assets/master/blockchains/ethereum/assets/0xA0b86991c6218b36c1d19D4a2e9Eb0cE3606eB48/logo.png",
            "extensions": {
              "bridgeInfo": {
                "10": {
                  "tokenAddress": "0x7F5c764cBc14f9669B88837ca1490cCa17c31607"
                },
                "137": {
                  "tokenAddress": "0x2791Bca1f2de4661ED88A30C99A7a9449Aa84174"
                },
                "42161": {
                  "tokenAddress": "0xFF970A61A04b1cA14834A43f5dE4533eBDDB5CC8"
                }
              }
            }
          },
          {
            "name": "Tether USD",
            "address": "0xdAC17F958D2ee523a2206206994597C13D831ec7",
            "symbol": "USDT",
            "decimals": 6,
            "chainId": 1,
            "logoURI": "https://raw.githubusercontent.com/trustwallet/assets/master/blockchains/ethereum/assets/0xdAC17F958D2ee523a2206206994597C13D831ec7/logo.png",
            "extensions": {
              "bridgeInfo": {
                "10": {
                  "tokenAddress": "0x94b008aA00579c1307B0EF2c499aD98a8ce58e58"
                },
                "137": {
                  "tokenAddress": "0xc2132D05D31c914a87C6611C10748AEb04B58e8F"
                },
                "42161": {
                  "tokenAddress": "0xFd086bC7CD5C481DCC9C85ebE478A1C0b69FCbb9"
                }
              }
            }
          },
          {
            "chainId": 1,
            "address": "0x3C4B6E6e1eA3D4863700D7F76b36B7f3D3f13E3d",
            "name": "Voyager Token",
            "symbol": "VGX",
            "decimals": 8,
            "logoURI": "https://assets.coingecko.com/coins/images/794/thumb/Voyager-vgx.png?1575693595"
          },
          {
            "chainId": 1,
            "name": "Wrapped Ampleforth",
            "symbol": "WAMPL",
            "logoURI": "https://assets.coingecko.com/coins/images/20825/thumb/photo_2021-11-25_02-05-11.jpg?1637811951",
            "address": "0xEDB171C18cE90B633DB442f2A6F72874093b49Ef",
            "decimals": 18
          },
          {
            "name": "Wrapped BTC",
            "address": "0x2260FAC5E5542a773Aa44fBCfeDf7C193bc2C599",
            "symbol": "WBTC",
            "decimals": 8,
            "chainId": 1,
            "logoURI": "https://raw.githubusercontent.com/trustwallet/assets/master/blockchains/ethereum/assets/0x2260FAC5E5542a773Aa44fBCfeDf7C193bc2C599/logo.png",
            "extensions": {
              "bridgeInfo": {
                "10": {
                  "tokenAddress": "0x68f180fcCe6836688e9084f035309E29Bf0A2095"
                },
                "137": {
                  "tokenAddress": "0x1BFD67037B42Cf73acF2047067bd4F2C47D9BfD6"
                },
                "42161": {
                  "tokenAddress": "0x2f2a2543B76A4166549F7aaB2e75Bef0aefC5B0f"
                }
              }
            }
          },
          {
            "chainId": 1,
            "name": "Wrapped Centrifuge",
            "symbol": "WCFG",
            "logoURI": "https://assets.coingecko.com/coins/images/17106/thumb/WCFG.jpg?1626266462",
            "address": "0xc221b7E65FfC80DE234bbB6667aBDd46593D34F0",
            "decimals": 18,
            "extensions": {
              "bridgeInfo": {
                "137": {
                  "tokenAddress": "0x90bb6fEB70A9a43CfAaA615F856BA309FD759A90"
                }
              }
            }
          },
          {
            "chainId": 1,
            "name": "WOO Network",
            "symbol": "WOO",
            "logoURI": "https://assets.coingecko.com/coins/images/12921/thumb/w2UiemF__400x400.jpg?1603670367",
            "address": "0x4691937a7508860F876c9c0a2a617E7d9E945D4B",
            "decimals": 18,
            "extensions": {
              "bridgeInfo": {
                "137": {
                  "tokenAddress": "0x1B815d120B3eF02039Ee11dC2d33DE7aA4a8C603"
                },
                "42161": {
                  "tokenAddress": "0xcAFcD85D8ca7Ad1e1C6F82F651fA15E33AEfD07b"
                }
              }
            }
          },
          {
            "chainId": 1,
            "name": "Chain",
            "symbol": "XCN",
            "logoURI": "https://assets.coingecko.com/coins/images/24210/thumb/Chain_icon_200x200.png?1646895054",
            "address": "0xA2cd3D43c775978A96BdBf12d733D5A1ED94fb18",
            "decimals": 18
          },
          {
            "chainId": 1,
            "address": "0x55296f69f40Ea6d20E478533C15A6B08B654E758",
            "name": "XYO Network",
            "symbol": "XYO",
            "decimals": 18,
            "logoURI": "https://assets.coingecko.com/coins/images/4519/thumb/XYO_Network-logo.png?1547039819",
            "extensions": {
              "bridgeInfo": {
                "137": {
                  "tokenAddress": "0xd2507e7b5794179380673870d88B22F94da6abe0"
                }
              }
            }
          },
          {
            "chainId": 1,
            "address": "0x6B3595068778DD592e39A122f4f5a5cF09C90fE2",
            "name": "Sushi",
            "symbol": "SUSHI",
            "decimals": 18,
            "logoURI": "https://assets.coingecko.com/coins/images/12271/thumb/512x512_Logo_no_chop.png?1606986688",
            "extensions": {
              "bridgeInfo": {
                "137": {
                  "tokenAddress": "0x0b3F868E0BE5597D5DB7fEB59E1CADBb0fdDa50a"
                },
                "42161": {
                  "tokenAddress": "0xd4d42F0b6DEF4CE0383636770eF773390d85c61A"
                }
              }
            }
          },
          {
            "chainId": 1,
            "address": "0x0bc529c00C6401aEF6D220BE8C6Ea1667F6Ad93e",
            "name": "yearn finance",
            "symbol": "YFI",
            "decimals": 18,
            "logoURI": "https://assets.coingecko.com/coins/images/11849/thumb/yfi-192x192.png?1598325330",
            "extensions": {
              "bridgeInfo": {
                "137": {
                  "tokenAddress": "0xDA537104D6A5edd53c6fBba9A898708E465260b6"
                },
                "42161": {
                  "tokenAddress": "0x82e3A8F066a6989666b031d916c43672085b1582"
                }
              }
            }
          },
          {
            "chainId": 1,
            "address": "0xa1d0E215a23d7030842FC67cE582a6aFa3CCaB83",
            "name": "DFI money",
            "symbol": "YFII",
            "decimals": 18,
            "logoURI": "https://assets.coingecko.com/coins/images/11902/thumb/YFII-logo.78631676.png?1598677348",
            "extensions": {
              "bridgeInfo": {
                "137": {
                  "tokenAddress": "0xb8cb8a7F4C2885C03e57E973C74827909Fdc2032"
                }
              }
            }
          },
          {
            "chainId": 1,
            "name": "Yield Guild Games",
            "symbol": "YGG",
            "logoURI": "https://assets.coingecko.com/coins/images/17358/thumb/le1nzlO6_400x400.jpg?1632465691",
            "address": "0x25f8087EAD173b73D6e8B84329989A8eEA16CF73",
            "decimals": 18,
            "extensions": {
              "bridgeInfo": {
                "137": {
                  "tokenAddress": "0x82617aA52dddf5Ed9Bb7B370ED777b3182A30fd1"
                }
              }
            }
          },
          {
            "name": "0x Protocol Token",
            "address": "0xE41d2489571d322189246DaFA5ebDe1F4699F498",
            "symbol": "ZRX",
            "decimals": 18,
            "chainId": 1,
            "logoURI": "https://raw.githubusercontent.com/trustwallet/assets/master/blockchains/ethereum/assets/0xE41d2489571d322189246DaFA5ebDe1F4699F498/logo.png",
            "extensions": {
              "bridgeInfo": {
                "137": {
                  "tokenAddress": "0x5559Edb74751A0edE9DeA4DC23aeE72cCA6bE3D5"
                },
                "42161": {
                  "tokenAddress": "0xBD591Bd4DdB64b77B5f76Eab8f03d02519235Ae2"
                }
              }
            }
          },
          {
            "name": "Wrapped Ether",
            "address": "0xB4FBF271143F4FBf7B91A5ded31805e42b2208d6",
            "symbol": "WETH",
            "decimals": 18,
            "chainId": 5,
            "logoURI": "https://raw.githubusercontent.com/trustwallet/assets/master/blockchains/ethereum/assets/0xB4FBF271143F4FBf7B91A5ded31805e42b2208d6/logo.png"
          },
          {
            "name": "PancakeSwap Token",
            "symbol": "CAKE",
            "address": "0x0E09FaBB73Bd3Ade0a17ECC321fD13a19e81cE82",
            "chainId": 56,
            "decimals": 18,
            "logoURI": "https://tokens.pancakeswap.finance/images/0x0E09FaBB73Bd3Ade0a17ECC321fD13a19e81cE82.png"
          },
          {
            "name": "Binance BUSD",
            "symbol": "BUSD",
            "address": "0xe9e7CEA3DedcA5984780Bafc599bD69ADd087D56",
            "chainId": 56,
            "decimals": 18,
            "logoURI": "https://tokens.pancakeswap.finance/images/0xe9e7CEA3DedcA5984780Bafc599bD69ADd087D56.png"
          },
          {
            "name": "Binance USDT",
            "symbol": "USDT",
            "address": "0x55d398326f99059fF775485246999027B3197955",
            "chainId": 56,
            "decimals": 18,
            "logoURI": "https://tokens.pancakeswap.finance/images/0x55d398326f99059fF775485246999027B3197955.png"
          },
          {
            "name": "Binance Bitcoin",
            "symbol": "BTCB",
            "address": "0x7130d2A12B9BCbFAe4f2634d864A1Ee1Ce3Ead9c",
            "chainId": 56,
            "decimals": 18,
            "logoURI": "https://tokens.pancakeswap.finance/images/0x7130d2A12B9BCbFAe4f2634d864A1Ee1Ce3Ead9c.png"
          },
          {
            "name": "Binance ETH",
            "symbol": "ETH",
            "address": "0x2170Ed0880ac9A755fd29B2688956BD959F933F8",
            "chainId": 56,
            "decimals": 18,
            "logoURI": "https://tokens.pancakeswap.finance/images/0x2170Ed0880ac9A755fd29B2688956BD959F933F8.png"
          },
          {
            "name": "Binance DAI",
            "symbol": "DAI",
            "address": "0x1AF3F329e8BE154074D8769D1FFa4eE058B1DBc3",
            "chainId": 56,
            "decimals": 18,
            "logoURI": "https://tokens.pancakeswap.finance/images/0x1AF3F329e8BE154074D8769D1FFa4eE058B1DBc3.png"
          },
          {
            "name": "Binance USDC",
            "symbol": "USDC",
            "address": "0x8AC76a51cc950d9822D68b83fE1Ad97B32Cd580d",
            "chainId": 56,
            "decimals": 18,
            "logoURI": "https://tokens.pancakeswap.finance/images/0x8AC76a51cc950d9822D68b83fE1Ad97B32Cd580d.png"
          },
          {
            "name": "Polkadot Token",
            "symbol": "DOT",
            "address": "0x7083609fCE4d1d8Dc0C979AAb8c869Ea2C873402",
            "chainId": 56,
            "decimals": 18,
            "logoURI": "https://tokens.pancakeswap.finance/images/0x7083609fCE4d1d8Dc0C979AAb8c869Ea2C873402.png"
          },
          {
            "name": "Refinable",
            "symbol": "FINE",
            "address": "0x4e6415a5727ea08aAE4580057187923aeC331227",
            "chainId": 56,
            "decimals": 18,
            "logoURI": "https://tokens.pancakeswap.finance/images/0x4e6415a5727ea08aAE4580057187923aeC331227.png"
          },
          {
            "name": "Mobox",
            "symbol": "MBOX",
            "address": "0x3203c9E46cA618C8C1cE5dC67e7e9D75f5da2377",
            "chainId": 56,
            "decimals": 18,
            "logoURI": "https://tokens.pancakeswap.finance/images/0x3203c9E46cA618C8C1cE5dC67e7e9D75f5da2377.png"
          },
          {
            "name": "Plant vs Undead Token",
            "symbol": "PVU",
            "address": "0x31471E0791fCdbE82fbF4C44943255e923F1b794",
            "chainId": 56,
            "decimals": 18,
            "logoURI": "https://assets-cdn.trustwallet.com/blockchains/smartchain/assets/0x31471E0791fCdbE82fbF4C44943255e923F1b794/logo.png"
          },
          {
            "name": "Radio Caca V2",
            "symbol": "RACA",
            "address": "0x12BB890508c125661E03b09EC06E404bc9289040",
            "chainId": 56,
            "decimals": 18,
            "logoURI": "https://assets-cdn.trustwallet.com/blockchains/smartchain/assets/0x12BB890508c125661E03b09EC06E404bc9289040/logo.png"
          },
          {
            "name": "Coin98",
            "symbol": "C98",
            "address": "0xaEC945e04baF28b135Fa7c640f624f8D90F1C3a6",
            "chainId": 56,
            "decimals": 18,
            "logoURI": "https://tokens.pancakeswap.finance/images/0xaEC945e04baF28b135Fa7c640f624f8D90F1C3a6.png"
          },
          {
            "name": "Binamon",
            "symbol": "BMON",
            "address": "0x08ba0619b1e7A582E0BCe5BBE9843322C954C340",
            "chainId": 56,
            "decimals": 18,
            "logoURI": "https://tokens.pancakeswap.finance/images/0x08ba0619b1e7A582E0BCe5BBE9843322C954C340.png"
          },
          {
            "name": "BunnyPark",
            "symbol": "BP",
            "address": "0xACB8f52DC63BB752a51186D1c55868ADbFfEe9C1",
            "chainId": 56,
            "decimals": 18,
            "logoURI": "https://tokens.pancakeswap.finance/images/0xACB8f52DC63BB752a51186D1c55868ADbFfEe9C1.png"
          },
          {
            "name": "Cardano Token",
            "symbol": "ADA",
            "address": "0x3EE2200Efb3400fAbB9AacF31297cBdD1d435D47",
            "chainId": 56,
            "decimals": 18,
            "logoURI": "https://tokens.pancakeswap.finance/images/0x3EE2200Efb3400fAbB9AacF31297cBdD1d435D47.png"
          },
          {
            "name": "Nafter",
            "symbol": "NAFT",
            "address": "0xD7730681B1DC8f6F969166B29D8A5EA8568616a3",
            "chainId": 56,
            "decimals": 18,
            "logoURI": "https://assets-cdn.trustwallet.com/blockchains/smartchain/assets/0xD7730681B1DC8f6F969166B29D8A5EA8568616a3/logo.png"
          },
          {
            "name": "StepHero",
            "symbol": "HERO",
            "address": "0xE8176d414560cFE1Bf82Fd73B986823B89E4F545",
            "chainId": 56,
            "decimals": 18,
            "logoURI": "https://tokens.pancakeswap.finance/images/0xE8176d414560cFE1Bf82Fd73B986823B89E4F545.png"
          },
          {
            "name": "Chess",
            "symbol": "CHESS",
            "address": "0x20de22029ab63cf9A7Cf5fEB2b737Ca1eE4c82A6",
            "chainId": 56,
            "decimals": 18,
            "logoURI": "https://tokens.pancakeswap.finance/images/0x20de22029ab63cf9A7Cf5fEB2b737Ca1eE4c82A6.png"
          },
          {
            "name": "Wanaka Farm",
            "symbol": "WANA",
            "address": "0x339C72829AB7DD45C3C52f965E7ABe358dd8761E",
            "chainId": 56,
            "decimals": 18,
            "logoURI": "https://assets-cdn.trustwallet.com/blockchains/smartchain/assets/0x339C72829AB7DD45C3C52f965E7ABe358dd8761E/logo.png"
          },
          {
            "name": "Metahero",
            "symbol": "HERO",
            "address": "0xD40bEDb44C081D2935eebA6eF5a3c8A31A1bBE13",
            "chainId": 56,
            "decimals": 18,
            "logoURI": "https://tokens.pancakeswap.finance/images/0xD40bEDb44C081D2935eebA6eF5a3c8A31A1bBE13.png"
          },
          {
            "name": "SeedifyFund",
            "symbol": "SFUND",
            "address": "0x477bC8d23c634C154061869478bce96BE6045D12",
            "chainId": 56,
            "decimals": 18,
            "logoURI": "https://tokens.pancakeswap.finance/images/0x477bC8d23c634C154061869478bce96BE6045D12.png"
          },
          {
            "name": "XRP Token",
            "symbol": "XRP",
            "address": "0x1D2F0da169ceB9fC7B3144628dB156f3F6c60dBE",
            "chainId": 56,
            "decimals": 18,
            "logoURI": "https://tokens.pancakeswap.finance/images/0x1D2F0da169ceB9fC7B3144628dB156f3F6c60dBE.png"
          },
          {
            "name": "Axie Infinity Shard",
            "symbol": "AXS",
            "address": "0x715D400F88C167884bbCc41C5FeA407ed4D2f8A0",
            "chainId": 56,
            "decimals": 18,
            "logoURI": "https://tokens.pancakeswap.finance/images/0x715D400F88C167884bbCc41C5FeA407ed4D2f8A0.png"
          },
          {
            "name": "TRON",
            "symbol": "TRX",
            "address": "0x85EAC5Ac2F758618dFa09bDbe0cf174e7d574D5B",
            "chainId": 56,
            "decimals": 18,
            "logoURI": "https://tokens.pancakeswap.finance/images/0x85EAC5Ac2F758618dFa09bDbe0cf174e7d574D5B.png"
          },
          {
            "name": "DeRace Token",
            "symbol": "DERC",
            "address": "0x373E768f79c820aA441540d254dCA6d045c6d25b",
            "chainId": 56,
            "decimals": 18,
            "logoURI": "https://assets-cdn.trustwallet.com/blockchains/smartchain/assets/0x373E768f79c820aA441540d254dCA6d045c6d25b/logo.png"
          },
          {
            "name": "BSCPAD.com",
            "symbol": "BSCPAD",
            "address": "0x5A3010d4d8D3B5fB49f8B6E57FB9E48063f16700",
            "chainId": 56,
            "decimals": 18,
            "logoURI": "https://tokens.pancakeswap.finance/images/0x5A3010d4d8D3B5fB49f8B6E57FB9E48063f16700.png"
          },
          {
            "name": "Binemon",
            "symbol": "BIN",
            "address": "0xe56842Ed550Ff2794F010738554db45E60730371",
            "chainId": 56,
            "decimals": 18,
            "logoURI": "https://assets-cdn.trustwallet.com/blockchains/smartchain/assets/0xe56842Ed550Ff2794F010738554db45E60730371/logo.png"
          },
          {
            "name": "ChainLink Token",
            "symbol": "LINK",
            "address": "0xF8A0BF9cF54Bb92F17374d9e9A321E6a111a51bD",
            "chainId": 56,
            "decimals": 18,
            "logoURI": "https://tokens.pancakeswap.finance/images/0xF8A0BF9cF54Bb92F17374d9e9A321E6a111a51bD.png"
          },
          {
            "name": "PAID Network",
            "symbol": "PAID",
            "address": "0xAD86d0E9764ba90DDD68747D64BFfBd79879a238",
            "chainId": 56,
            "decimals": 18,
            "logoURI": "https://assets-cdn.trustwallet.com/blockchains/smartchain/assets/0xAD86d0E9764ba90DDD68747D64BFfBd79879a238/logo.png"
          },
          {
            "name": "BitTorrent Old",
            "symbol": "BTTOLD",
            "address": "0x8595F9dA7b868b1822194fAEd312235E43007b49",
            "chainId": 56,
            "decimals": 18,
            "logoURI": "https://tokens.pancakeswap.finance/images/0x8595F9dA7b868b1822194fAEd312235E43007b49.png"
          },
          {
            "name": "Alien Worlds Trilium",
            "symbol": "TLM",
            "address": "0x2222227E22102Fe3322098e4CBfE18cFebD57c95",
            "chainId": 56,
            "decimals": 4,
            "logoURI": "https://tokens.pancakeswap.finance/images/0x2222227E22102Fe3322098e4CBfE18cFebD57c95.png"
          },
          {
            "name": "Nerve",
            "symbol": "NRV",
            "address": "0x42F6f551ae042cBe50C739158b4f0CAC0Edb9096",
            "chainId": 56,
            "decimals": 18,
            "logoURI": "https://tokens.pancakeswap.finance/images/0x42F6f551ae042cBe50C739158b4f0CAC0Edb9096.png"
          },
          {
            "name": "Trust Wallet",
            "symbol": "TWT",
            "address": "0x4B0F1812e5Df2A09796481Ff14017e6005508003",
            "chainId": 56,
            "decimals": 18,
            "logoURI": "https://tokens.pancakeswap.finance/images/0x4B0F1812e5Df2A09796481Ff14017e6005508003.png"
          },
          {
            "name": "Tokocrypto Token",
            "symbol": "TKO",
            "address": "0x9f589e3eabe42ebC94A44727b3f3531C0c877809",
            "chainId": 56,
            "decimals": 18,
            "logoURI": "https://tokens.pancakeswap.finance/images/0x9f589e3eabe42ebC94A44727b3f3531C0c877809.png"
          },
          {
            "name": "Moonpot",
            "symbol": "POTS",
            "address": "0x3Fcca8648651E5b974DD6d3e50F61567779772A8",
            "chainId": 56,
            "decimals": 18,
            "logoURI": "https://tokens.pancakeswap.finance/images/0x3Fcca8648651E5b974DD6d3e50F61567779772A8.png"
          },
          {
            "name": "StarMon",
            "symbol": "SMON",
            "address": "0xAB15B79880f11cFfb58dB25eC2bc39d28c4d80d2",
            "chainId": 56,
            "decimals": 18,
            "logoURI": "https://assets-cdn.trustwallet.com/blockchains/smartchain/assets/0xAB15B79880f11cFfb58dB25eC2bc39d28c4d80d2/logo.png"
          },
          {
            "name": "Mask Network",
            "symbol": "MASK",
            "address": "0x2eD9a5C8C13b93955103B9a7C167B67Ef4d568a3",
            "chainId": 56,
            "decimals": 18,
            "logoURI": "https://tokens.pancakeswap.finance/images/0x2eD9a5C8C13b93955103B9a7C167B67Ef4d568a3.png"
          },
          {
            "name": "Swipe",
            "symbol": "SXP",
            "address": "0x47BEAd2563dCBf3bF2c9407fEa4dC236fAbA485A",
            "chainId": 56,
            "decimals": 18,
            "logoURI": "https://tokens.pancakeswap.finance/images/0x47BEAd2563dCBf3bF2c9407fEa4dC236fAbA485A.png"
          },
          {
            "name": "Qubit Token",
            "symbol": "QBT",
            "address": "0x17B7163cf1Dbd286E262ddc68b553D899B93f526",
            "chainId": 56,
            "decimals": 18,
            "logoURI": "https://tokens.pancakeswap.finance/images/0x17B7163cf1Dbd286E262ddc68b553D899B93f526.png"
          },
          {
            "name": "Chroma",
            "symbol": "CHR",
            "address": "0xf9CeC8d50f6c8ad3Fb6dcCEC577e05aA32B224FE",
            "chainId": 56,
            "decimals": 6,
            "logoURI": "https://tokens.pancakeswap.finance/images/0xf9CeC8d50f6c8ad3Fb6dcCEC577e05aA32B224FE.png"
          },
          {
            "name": "RAMP DEFI",
            "symbol": "RAMP",
            "address": "0x8519EA49c997f50cefFa444d240fB655e89248Aa",
            "chainId": 56,
            "decimals": 18,
            "logoURI": "https://tokens.pancakeswap.finance/images/0x8519EA49c997f50cefFa444d240fB655e89248Aa.png"
          },
          {
            "name": "Shirtum",
            "symbol": "SHI",
            "address": "0x7269d98Af4aA705e0B1A5D8512FadB4d45817d5a",
            "chainId": 56,
            "decimals": 18,
            "logoURI": "https://assets-cdn.trustwallet.com/blockchains/smartchain/assets/0x7269d98Af4aA705e0B1A5D8512FadB4d45817d5a/logo.png"
          },
          {
            "name": "NFTB",
            "symbol": "NFTB",
            "address": "0xde3dbBE30cfa9F437b293294d1fD64B26045C71A",
            "chainId": 56,
            "decimals": 18,
            "logoURI": "https://assets-cdn.trustwallet.com/blockchains/smartchain/assets/0xde3dbBE30cfa9F437b293294d1fD64B26045C71A/logo.png"
          },
          {
            "name": "CP",
            "symbol": "CP",
            "address": "0x82C19905B036bf4E329740989DCF6aE441AE26c1",
            "chainId": 56,
            "decimals": 18,
            "logoURI": "https://assets-cdn.trustwallet.com/blockchains/smartchain/assets/0x82C19905B036bf4E329740989DCF6aE441AE26c1/logo.png"
          },
          {
            "name": "Ellipsis",
            "symbol": "EPS",
            "address": "0xA7f552078dcC247C2684336020c03648500C6d9F",
            "chainId": 56,
            "decimals": 18,
            "logoURI": "https://tokens.pancakeswap.finance/images/0xA7f552078dcC247C2684336020c03648500C6d9F.png"
          },
          {
            "name": "WINk",
            "symbol": "WIN",
            "address": "0xaeF0d72a118ce24feE3cD1d43d383897D05B4e99",
            "chainId": 56,
            "decimals": 18,
            "logoURI": "https://tokens.pancakeswap.finance/images/0xaeF0d72a118ce24feE3cD1d43d383897D05B4e99.png"
          },
          {
            "name": "Dogecoin",
            "symbol": "DOGE",
            "address": "0xbA2aE424d960c26247Dd6c32edC70B295c744C43",
            "chainId": 56,
            "decimals": 8,
            "logoURI": "https://tokens.pancakeswap.finance/images/0xbA2aE424d960c26247Dd6c32edC70B295c744C43.png"
          },
          {
            "name": "Baby Doge Coin",
            "symbol": "BABYDOGE",
            "address": "0xc748673057861a797275CD8A068AbB95A902e8de",
            "chainId": 56,
            "decimals": 9,
            "logoURI": "https://assets-cdn.trustwallet.com/blockchains/smartchain/assets/0xc748673057861a797275CD8A068AbB95A902e8de/logo.png"
          },
          {
            "name": "rUSD",
            "symbol": "RUSD",
            "address": "0x07663837218A003e66310a01596af4bf4e44623D",
            "chainId": 56,
            "decimals": 18,
            "logoURI": "https://tokens.pancakeswap.finance/images/0x07663837218A003e66310a01596af4bf4e44623D.png"
          },
          {
            "name": "Splintershards",
            "symbol": "SPS",
            "address": "0x1633b7157e7638C4d6593436111Bf125Ee74703F",
            "chainId": 56,
            "decimals": 18,
            "logoURI": "https://tokens.pancakeswap.finance/images/0x1633b7157e7638C4d6593436111Bf125Ee74703F.png"
          },
          {
            "name": "CryptoBlades Skill Token",
            "symbol": "SKILL",
            "address": "0x154A9F9cbd3449AD22FDaE23044319D6eF2a1Fab",
            "chainId": 56,
            "decimals": 18,
            "logoURI": "https://tokens.pancakeswap.finance/images/0x154A9F9cbd3449AD22FDaE23044319D6eF2a1Fab.png"
          },
          {
            "name": "BELT Token",
            "symbol": "BELT",
            "address": "0xE0e514c71282b6f4e823703a39374Cf58dc3eA4f",
            "chainId": 56,
            "decimals": 18,
            "logoURI": "https://tokens.pancakeswap.finance/images/0xE0e514c71282b6f4e823703a39374Cf58dc3eA4f.png"
          },
          {
            "name": "FLOKI",
            "symbol": "FLOKI",
            "address": "0x2B3F34e9D4b127797CE6244Ea341a83733ddd6E4",
            "chainId": 56,
            "decimals": 9,
            "logoURI": "https://assets-cdn.trustwallet.com/blockchains/smartchain/assets/0x2B3F34e9D4b127797CE6244Ea341a83733ddd6E4/logo.png"
          },
          {
            "name": "TrueUSD",
            "symbol": "TUSD",
            "address": "0x14016E85a25aeb13065688cAFB43044C2ef86784",
            "chainId": 56,
            "decimals": 18,
            "logoURI": "https://tokens.pancakeswap.finance/images/0x14016E85a25aeb13065688cAFB43044C2ef86784.png"
          },
          {
            "name": "Harmony ONE",
            "symbol": "ONE",
            "address": "0x03fF0ff224f904be3118461335064bB48Df47938",
            "chainId": 56,
            "decimals": 18,
            "logoURI": "https://tokens.pancakeswap.finance/images/0x03fF0ff224f904be3118461335064bB48Df47938.png"
          },
          {
            "name": "Etherconnect Coin",
            "symbol": "ECC",
            "address": "0x8D047F4F57A190C96c8b9704B39A1379E999D82B",
            "chainId": 56,
            "decimals": 8,
            "logoURI": "https://assets-cdn.trustwallet.com/blockchains/smartchain/assets/0x8D047F4F57A190C96c8b9704B39A1379E999D82B/logo.png"
          },
          {
            "name": "Mist",
            "symbol": "MIST",
            "address": "0x68E374F856bF25468D365E539b700b648Bf94B67",
            "chainId": 56,
            "decimals": 18,
            "logoURI": "https://assets-cdn.trustwallet.com/blockchains/smartchain/assets/0x68E374F856bF25468D365E539b700b648Bf94B67/logo.png"
          },
          {
            "name": "PET GAMES",
            "symbol": "PETG",
            "address": "0x09607078980CbB0665ABa9c6D1B84b8eAD246aA0",
            "chainId": 56,
            "decimals": 18,
            "logoURI": "https://assets-cdn.trustwallet.com/blockchains/smartchain/assets/0x09607078980CbB0665ABa9c6D1B84b8eAD246aA0/logo.png"
          },
          {
            "name": "My DeFi Pet Token",
            "symbol": "DPET",
            "address": "0xfb62AE373acA027177D1c18Ee0862817f9080d08",
            "chainId": 56,
            "decimals": 18,
            "logoURI": "https://assets-cdn.trustwallet.com/blockchains/smartchain/assets/0xfb62AE373acA027177D1c18Ee0862817f9080d08/logo.png"
          },
          {
            "name": "Uniswap",
            "symbol": "UNI",
            "address": "0xBf5140A22578168FD562DCcF235E5D43A02ce9B1",
            "chainId": 56,
            "decimals": 18,
            "logoURI": "https://tokens.pancakeswap.finance/images/0xBf5140A22578168FD562DCcF235E5D43A02ce9B1.png"
          },
          {
            "name": "UniCrypt on xDai on BSC",
            "symbol": "UNCX",
            "address": "0x09a6c44c3947B69E2B45F4D51b67E6a39ACfB506",
            "chainId": 56,
            "decimals": 18,
            "logoURI": "https://assets-cdn.trustwallet.com/blockchains/smartchain/assets/0x09a6c44c3947B69E2B45F4D51b67E6a39ACfB506/logo.png"
          },
          {
            "name": "MiniFootball",
            "symbol": "MINIFOOTBALL",
            "address": "0xD024Ac1195762F6F13f8CfDF3cdd2c97b33B248b",
            "chainId": 56,
            "decimals": 9,
            "logoURI": "https://assets-cdn.trustwallet.com/blockchains/smartchain/assets/0xD024Ac1195762F6F13f8CfDF3cdd2c97b33B248b/logo.png"
          },
          {
            "name": "IoTeX Network",
            "symbol": "IOTX",
            "address": "0x9678E42ceBEb63F23197D726B29b1CB20d0064E5",
            "chainId": 56,
            "decimals": 18,
            "logoURI": "https://tokens.pancakeswap.finance/images/0x9678E42ceBEb63F23197D726B29b1CB20d0064E5.png"
          },
          {
            "name": "FaraCrystal",
            "symbol": "FARA",
            "address": "0xF4Ed363144981D3A65f42e7D0DC54FF9EEf559A1",
            "chainId": 56,
            "decimals": 18,
            "logoURI": "https://assets-cdn.trustwallet.com/blockchains/smartchain/assets/0xF4Ed363144981D3A65f42e7D0DC54FF9EEf559A1/logo.png"
          },
          {
            "name": "VAI Stablecoin",
            "symbol": "VAI",
            "address": "0x4BD17003473389A42DAF6a0a729f6Fdb328BbBd7",
            "chainId": 56,
            "decimals": 18,
            "logoURI": "https://tokens.pancakeswap.finance/images/0x4BD17003473389A42DAF6a0a729f6Fdb328BbBd7.png"
          },
          {
            "name": "Bear",
            "symbol": "BEAR",
            "address": "0xc3EAE9b061Aa0e1B9BD3436080Dc57D2d63FEdc1",
            "chainId": 56,
            "decimals": 18,
            "logoURI": "https://assets-cdn.trustwallet.com/blockchains/smartchain/assets/0xc3EAE9b061Aa0e1B9BD3436080Dc57D2d63FEdc1/logo.png"
          },
          {
            "name": "SafePal Token",
            "symbol": "SFP",
            "address": "0xD41FDb03Ba84762dD66a0af1a6C8540FF1ba5dfb",
            "chainId": 56,
            "decimals": 18,
            "logoURI": "https://tokens.pancakeswap.finance/images/0xD41FDb03Ba84762dD66a0af1a6C8540FF1ba5dfb.png"
          },
          {
            "name": "YAY Games",
            "symbol": "YAY",
            "address": "0x524dF384BFFB18C0C8f3f43d012011F8F9795579",
            "chainId": 56,
            "decimals": 18,
            "logoURI": "https://assets-cdn.trustwallet.com/blockchains/smartchain/assets/0x524dF384BFFB18C0C8f3f43d012011F8F9795579/logo.png"
          },
          {
            "name": "DODO bird",
            "symbol": "DODO",
            "address": "0x67ee3Cb086F8a16f34beE3ca72FAD36F7Db929e2",
            "chainId": 56,
            "decimals": 18,
            "logoURI": "https://tokens.pancakeswap.finance/images/0x67ee3Cb086F8a16f34beE3ca72FAD36F7Db929e2.png"
          },
          {
            "name": "ZomaInfinity",
            "symbol": "ZIN",
            "address": "0xFbe0b4aE6E5a200c36A341299604D5f71A5F0a48",
            "chainId": 56,
            "decimals": 18,
            "logoURI": "https://assets-cdn.trustwallet.com/blockchains/smartchain/assets/0xFbe0b4aE6E5a200c36A341299604D5f71A5F0a48/logo.png"
          },
          {
            "name": "SushiToken",
            "symbol": "SUSHI",
            "address": "0x947950BcC74888a40Ffa2593C5798F11Fc9124C4",
            "chainId": 56,
            "decimals": 18,
            "logoURI": "https://tokens.pancakeswap.finance/images/0x947950BcC74888a40Ffa2593C5798F11Fc9124C4.png"
          },
          {
            "name": "Monsta Infinite Token",
            "symbol": "MONI",
            "address": "0x9573c88aE3e37508f87649f87c4dd5373C9F31e0",
            "chainId": 56,
            "decimals": 18,
            "logoURI": "https://assets-cdn.trustwallet.com/blockchains/smartchain/assets/0x9573c88aE3e37508f87649f87c4dd5373C9F31e0/logo.png"
          },
          {
            "name": "Altura",
            "symbol": "ALU",
            "address": "0x8263CD1601FE73C066bf49cc09841f35348e3be0",
            "chainId": 56,
            "decimals": 18,
            "logoURI": "https://assets-cdn.trustwallet.com/blockchains/smartchain/assets/0x8263CD1601FE73C066bf49cc09841f35348e3be0/logo.png"
          },
          {
            "name": "BinaryX",
            "symbol": "BNX",
            "address": "0x8C851d1a123Ff703BD1f9dabe631b69902Df5f97",
            "chainId": 56,
            "decimals": 18,
            "logoURI": "https://assets-cdn.trustwallet.com/blockchains/smartchain/assets/0x8C851d1a123Ff703BD1f9dabe631b69902Df5f97/logo.png"
          },
          {
            "name": "Injective Protocol",
            "symbol": "INJ",
            "address": "0xa2B726B1145A4773F68593CF171187d8EBe4d495",
            "chainId": 56,
            "decimals": 18,
            "logoURI": "https://tokens.pancakeswap.finance/images/0xa2B726B1145A4773F68593CF171187d8EBe4d495.png"
          },
          {
            "name": "PandaInu Wallet Token",
            "symbol": "PWT",
            "address": "0xf3eDD4f14a018df4b6f02Bf1b2cF17A8120519A2",
            "chainId": 56,
            "decimals": 8,
            "logoURI": "https://assets-cdn.trustwallet.com/blockchains/smartchain/assets/0xf3eDD4f14a018df4b6f02Bf1b2cF17A8120519A2/logo.png"
          },
          {
            "name": "TRONPAD.network",
            "symbol": "TRONPAD",
            "address": "0x1Bf7AedeC439D6BFE38f8f9b20CF3dc99e3571C4",
            "chainId": 56,
            "decimals": 18,
            "logoURI": "https://assets-cdn.trustwallet.com/blockchains/smartchain/assets/0x1Bf7AedeC439D6BFE38f8f9b20CF3dc99e3571C4/logo.png"
          },
          {
            "name": "Linear Token",
            "symbol": "LINA",
            "address": "0x762539b45A1dCcE3D36d080F74d1AED37844b878",
            "chainId": 56,
            "decimals": 18,
            "logoURI": "https://tokens.pancakeswap.finance/images/0x762539b45A1dCcE3D36d080F74d1AED37844b878.png"
          },
          {
            "name": "KmonCoin",
            "symbol": "KMON",
            "address": "0xc732B6586A93b6B7CF5FeD3470808Bc74998224D",
            "chainId": 56,
            "decimals": 18,
            "logoURI": "https://assets-cdn.trustwallet.com/blockchains/smartchain/assets/0xc732B6586A93b6B7CF5FeD3470808Bc74998224D/logo.png"
          },
          {
            "name": "TokenPocket Token",
            "symbol": "TPT",
            "address": "0xECa41281c24451168a37211F0bc2b8645AF45092",
            "chainId": 56,
            "decimals": 4,
            "logoURI": "https://tokens.pancakeswap.finance/images/0xECa41281c24451168a37211F0bc2b8645AF45092.png"
          },
          {
            "name": "Frontier Token",
            "symbol": "FRONT",
            "address": "0x928e55daB735aa8260AF3cEDadA18B5f70C72f1b",
            "chainId": 56,
            "decimals": 18,
            "logoURI": "https://tokens.pancakeswap.finance/images/0x928e55daB735aa8260AF3cEDadA18B5f70C72f1b.png"
          },
          {
            "name": "CyberDragon Gold",
            "symbol": "GOLD",
            "address": "0xb3a6381070B1a15169DEA646166EC0699fDAeA79",
            "chainId": 56,
            "decimals": 18,
            "logoURI": "https://assets-cdn.trustwallet.com/blockchains/smartchain/assets/0xb3a6381070B1a15169DEA646166EC0699fDAeA79/logo.png"
          },
          {
            "name": "DeathRoad Token",
            "symbol": "DRACE",
            "address": "0xA6c897CaaCA3Db7fD6e2D2cE1a00744f40aB87Bb",
            "chainId": 56,
            "decimals": 18,
            "logoURI": "https://assets-cdn.trustwallet.com/blockchains/smartchain/assets/0xA6c897CaaCA3Db7fD6e2D2cE1a00744f40aB87Bb/logo.png"
          },
          {
            "name": "TrusterCoin",
            "symbol": "TSC",
            "address": "0xA2a26349448ddAfAe34949a6Cc2cEcF78c0497aC",
            "chainId": 56,
            "decimals": 9,
            "logoURI": "https://assets-cdn.trustwallet.com/blockchains/smartchain/assets/0xA2a26349448ddAfAe34949a6Cc2cEcF78c0497aC/logo.png"
          },
          {
            "name": "DragonSlayer",
            "symbol": "DRS",
            "address": "0xc8E8ecB2A5B5d1eCFf007BF74d15A86434aA0c5C",
            "chainId": 56,
            "decimals": 9,
            "logoURI": "https://assets-cdn.trustwallet.com/blockchains/smartchain/assets/0xc8E8ecB2A5B5d1eCFf007BF74d15A86434aA0c5C/logo.png"
          },
          {
            "name": "Hunny Token",
            "symbol": "HUNNY",
            "address": "0x565b72163f17849832A692A3c5928cc502f46D69",
            "chainId": 56,
            "decimals": 18,
            "logoURI": "https://assets-cdn.trustwallet.com/blockchains/smartchain/assets/0x565b72163f17849832A692A3c5928cc502f46D69/logo.png"
          },
          {
            "name": "WEYU",
            "symbol": "WEYU",
            "address": "0xFAfD4CB703B25CB22f43D017e7e0d75FEBc26743",
            "chainId": 56,
            "decimals": 18,
            "logoURI": "https://assets-cdn.trustwallet.com/blockchains/smartchain/assets/0xFAfD4CB703B25CB22f43D017e7e0d75FEBc26743/logo.png"
          },
          {
            "name": "Cosmos Token",
            "symbol": "ATOM",
            "address": "0x0Eb3a705fc54725037CC9e008bDede697f62F335",
            "chainId": 56,
            "decimals": 18,
            "logoURI": "https://tokens.pancakeswap.finance/images/0x0Eb3a705fc54725037CC9e008bDede697f62F335.png"
          },
          {
            "name": "Polkamon",
            "symbol": "PMON",
            "address": "0x1796ae0b0fa4862485106a0de9b654eFE301D0b2",
            "chainId": 56,
            "decimals": 18,
            "logoURI": "https://tokens.pancakeswap.finance/images/0x1796ae0b0fa4862485106a0de9b654eFE301D0b2.png"
          },
          {
            "name": "Reef.finance",
            "symbol": "REEF",
            "address": "0xF21768cCBC73Ea5B6fd3C687208a7c2def2d966e",
            "chainId": 56,
            "decimals": 18,
            "logoURI": "https://tokens.pancakeswap.finance/images/0xF21768cCBC73Ea5B6fd3C687208a7c2def2d966e.png"
          },
          {
            "name": "Pink Token",
            "symbol": "PINK",
            "address": "0x9133049Fb1FdDC110c92BF5b7Df635abB70C89DC",
            "chainId": 56,
            "decimals": 18,
            "logoURI": "https://assets-cdn.trustwallet.com/blockchains/smartchain/assets/0x9133049Fb1FdDC110c92BF5b7Df635abB70C89DC/logo.png"
          },
          {
            "name": "Nobility",
            "symbol": "NBL",
            "address": "0xA67a13c9283Da5AABB199Da54a9Cb4cD8B9b16bA",
            "chainId": 56,
            "decimals": 18,
            "logoURI": "https://assets-cdn.trustwallet.com/blockchains/smartchain/assets/0xA67a13c9283Da5AABB199Da54a9Cb4cD8B9b16bA/logo.png"
          },
          {
            "name": "Formation Finance",
            "symbol": "FORM",
            "address": "0x25A528af62e56512A19ce8c3cAB427807c28CC19",
            "chainId": 56,
            "decimals": 18,
            "logoURI": "https://tokens.pancakeswap.finance/images/0x25A528af62e56512A19ce8c3cAB427807c28CC19.png"
          },
          {
            "name": "Kaby Arena",
            "symbol": "KABY",
            "address": "0x02A40C048eE2607B5f5606e445CFc3633Fb20b58",
            "chainId": 56,
            "decimals": 18,
            "logoURI": "https://assets-cdn.trustwallet.com/blockchains/smartchain/assets/0x02A40C048eE2607B5f5606e445CFc3633Fb20b58/logo.png"
          },
          {
            "name": "Dvision",
            "symbol": "DVI",
            "address": "0x758FB037A375F17c7e195CC634D77dA4F554255B",
            "chainId": 56,
            "decimals": 18,
            "logoURI": "https://tokens.pancakeswap.finance/images/0x758FB037A375F17c7e195CC634D77dA4F554255B.png"
          },
          {
            "name": "Mound Token",
            "symbol": "MND",
            "address": "0x4c97c901B5147F8C1C7Ce3c5cF3eB83B44F244fE",
            "chainId": 56,
            "decimals": 18,
            "logoURI": "https://assets-cdn.trustwallet.com/blockchains/smartchain/assets/0x4c97c901B5147F8C1C7Ce3c5cF3eB83B44F244fE/logo.png"
          },
          {
            "name": "UNCL on xDai on BSC",
            "symbol": "UNCL",
            "address": "0x0E8D5504bF54D9E44260f8d153EcD5412130CaBb",
            "chainId": 56,
            "decimals": 18,
            "logoURI": "https://assets-cdn.trustwallet.com/blockchains/smartchain/assets/0x0E8D5504bF54D9E44260f8d153EcD5412130CaBb/logo.png"
          },
          {
            "name": "AlinX",
            "symbol": "ALIX",
            "address": "0xaF6Bd11A6F8f9c44b9D18f5FA116E403db599f8E",
            "chainId": 56,
            "decimals": 18,
            "logoURI": "https://assets-cdn.trustwallet.com/blockchains/smartchain/assets/0xaF6Bd11A6F8f9c44b9D18f5FA116E403db599f8E/logo.png"
          },
          {
            "name": "Poco Token",
            "symbol": "POCO",
            "address": "0x394bBA8F309f3462b31238B3fd04b83F71A98848",
            "chainId": 56,
            "decimals": 18,
            "logoURI": "https://assets-cdn.trustwallet.com/blockchains/smartchain/assets/0x394bBA8F309f3462b31238B3fd04b83F71A98848/logo.png"
          },
          {
            "name": "Honey token",
            "symbol": "HONEY",
            "address": "0xFa363022816aBf82f18a9C2809dCd2BB393F6AC5",
            "chainId": 56,
            "decimals": 18,
            "logoURI": "https://assets-cdn.trustwallet.com/blockchains/smartchain/assets/0xFa363022816aBf82f18a9C2809dCd2BB393F6AC5/logo.png"
          },
          {
            "name": "Bella Protocol",
            "symbol": "BEL",
            "address": "0x8443f091997f06a61670B735ED92734F5628692F",
            "chainId": 56,
            "decimals": 18,
            "logoURI": "https://tokens.pancakeswap.finance/images/0x8443f091997f06a61670B735ED92734F5628692F.png"
          }

    ]



    