[
    {
        "name": "BNB Token",
        "symbol": "BNB",
        "address": "0xbb4CdB9CBd36B01bD1cBaEBF2De08d9173bc095c",
        "chainId": 56,
        "decimals": 18,
        "logoURI": "https://tokens.pancakeswap.finance/images/0xbb4CdB9CBd36B01bD1cBaEBF2De08d9173bc095c.png"
      },
    {
        "name": "WBNB Token",
        "symbol": "WBNB",
        "address": "0xae13d989dac2f0debff460ac112a837c89baa7cdc",
        "chainId": 56,
        "decimals": 18,
        "logoURI": "https://tokens.pancakeswap.finance/images/0xbb4CdB9CBd36B01bD1cBaEBF2De08d9173bc095c.png"
      },
      {
        "name": "PancakeSwap Token",
        "symbol": "CAKE",
        "address": "0x0E09FaBB73Bd3Ade0a17ECC321fD13a19e81cE82",
        "chainId": 56,
        "decimals": 18,
        "logoURI": "https://tokens.pancakeswap.finance/images/0x0E09FaBB73Bd3Ade0a17ECC321fD13a19e81cE82.png"
      },
      {
        "name": "Binance BUSD",
        "symbol": "BUSD",
        "address": "0xe9e7CEA3DedcA5984780Bafc599bD69ADd087D56",
        "chainId": 56,
        "decimals": 18,
        "logoURI": "https://tokens.pancakeswap.finance/images/0xe9e7CEA3DedcA5984780Bafc599bD69ADd087D56.png"
      },
      {
        "name": "Binance USDT",
        "symbol": "USDT",
        "address": "0x55d398326f99059fF775485246999027B3197955",
        "chainId": 56,
        "decimals": 18,
        "logoURI": "https://tokens.pancakeswap.finance/images/0x55d398326f99059fF775485246999027B3197955.png"
      },
      {
        "name": "Binance Bitcoin",
        "symbol": "BTCB",
        "address": "0x7130d2A12B9BCbFAe4f2634d864A1Ee1Ce3Ead9c",
        "chainId": 56,
        "decimals": 18,
        "logoURI": "https://tokens.pancakeswap.finance/images/0x7130d2A12B9BCbFAe4f2634d864A1Ee1Ce3Ead9c.png"
      },
      {
        "name": "Binance ETH",
        "symbol": "ETH",
        "address": "0x2170Ed0880ac9A755fd29B2688956BD959F933F8",
        "chainId": 56,
        "decimals": 18,
        "logoURI": "https://tokens.pancakeswap.finance/images/0x2170Ed0880ac9A755fd29B2688956BD959F933F8.png"
      },
      {
        "name": "Binance DAI",
        "symbol": "DAI",
        "address": "0x1AF3F329e8BE154074D8769D1FFa4eE058B1DBc3",
        "chainId": 56,
        "decimals": 18,
        "logoURI": "https://tokens.pancakeswap.finance/images/0x1AF3F329e8BE154074D8769D1FFa4eE058B1DBc3.png"
      },
      {
        "name": "Binance USDC",
        "symbol": "USDC",
        "address": "0x8AC76a51cc950d9822D68b83fE1Ad97B32Cd580d",
        "chainId": 56,
        "decimals": 18,
        "logoURI": "https://tokens.pancakeswap.finance/images/0x8AC76a51cc950d9822D68b83fE1Ad97B32Cd580d.png"
      },
      {
        "name": "Polkadot Token",
        "symbol": "DOT",
        "address": "0x7083609fCE4d1d8Dc0C979AAb8c869Ea2C873402",
        "chainId": 56,
        "decimals": 18,
        "logoURI": "https://tokens.pancakeswap.finance/images/0x7083609fCE4d1d8Dc0C979AAb8c869Ea2C873402.png"
      },
      {
        "name": "Refinable",
        "symbol": "FINE",
        "address": "0x4e6415a5727ea08aAE4580057187923aeC331227",
        "chainId": 56,
        "decimals": 18,
        "logoURI": "https://tokens.pancakeswap.finance/images/0x4e6415a5727ea08aAE4580057187923aeC331227.png"
      },
      {
        "name": "Mobox",
        "symbol": "MBOX",
        "address": "0x3203c9E46cA618C8C1cE5dC67e7e9D75f5da2377",
        "chainId": 56,
        "decimals": 18,
        "logoURI": "https://tokens.pancakeswap.finance/images/0x3203c9E46cA618C8C1cE5dC67e7e9D75f5da2377.png"
      },
      {
        "name": "Plant vs Undead Token",
        "symbol": "PVU",
        "address": "0x31471E0791fCdbE82fbF4C44943255e923F1b794",
        "chainId": 56,
        "decimals": 18,
        "logoURI": "https://assets-cdn.trustwallet.com/blockchains/smartchain/assets/0x31471E0791fCdbE82fbF4C44943255e923F1b794/logo.png"
      },
      {
        "name": "Radio Caca V2",
        "symbol": "RACA",
        "address": "0x12BB890508c125661E03b09EC06E404bc9289040",
        "chainId": 56,
        "decimals": 18,
        "logoURI": "https://assets-cdn.trustwallet.com/blockchains/smartchain/assets/0x12BB890508c125661E03b09EC06E404bc9289040/logo.png"
      },
      {
        "name": "Coin98",
        "symbol": "C98",
        "address": "0xaEC945e04baF28b135Fa7c640f624f8D90F1C3a6",
        "chainId": 56,
        "decimals": 18,
        "logoURI": "https://tokens.pancakeswap.finance/images/0xaEC945e04baF28b135Fa7c640f624f8D90F1C3a6.png"
      },
      {
        "name": "Binamon",
        "symbol": "BMON",
        "address": "0x08ba0619b1e7A582E0BCe5BBE9843322C954C340",
        "chainId": 56,
        "decimals": 18,
        "logoURI": "https://tokens.pancakeswap.finance/images/0x08ba0619b1e7A582E0BCe5BBE9843322C954C340.png"
      },
      {
        "name": "BunnyPark",
        "symbol": "BP",
        "address": "0xACB8f52DC63BB752a51186D1c55868ADbFfEe9C1",
        "chainId": 56,
        "decimals": 18,
        "logoURI": "https://tokens.pancakeswap.finance/images/0xACB8f52DC63BB752a51186D1c55868ADbFfEe9C1.png"
      },
      {
        "name": "Cardano Token",
        "symbol": "ADA",
        "address": "0x3EE2200Efb3400fAbB9AacF31297cBdD1d435D47",
        "chainId": 56,
        "decimals": 18,
        "logoURI": "https://tokens.pancakeswap.finance/images/0x3EE2200Efb3400fAbB9AacF31297cBdD1d435D47.png"
      },
      {
        "name": "Nafter",
        "symbol": "NAFT",
        "address": "0xD7730681B1DC8f6F969166B29D8A5EA8568616a3",
        "chainId": 56,
        "decimals": 18,
        "logoURI": "https://assets-cdn.trustwallet.com/blockchains/smartchain/assets/0xD7730681B1DC8f6F969166B29D8A5EA8568616a3/logo.png"
      },
      {
        "name": "StepHero",
        "symbol": "HERO",
        "address": "0xE8176d414560cFE1Bf82Fd73B986823B89E4F545",
        "chainId": 56,
        "decimals": 18,
        "logoURI": "https://tokens.pancakeswap.finance/images/0xE8176d414560cFE1Bf82Fd73B986823B89E4F545.png"
      },
      {
        "name": "Chess",
        "symbol": "CHESS",
        "address": "0x20de22029ab63cf9A7Cf5fEB2b737Ca1eE4c82A6",
        "chainId": 56,
        "decimals": 18,
        "logoURI": "https://tokens.pancakeswap.finance/images/0x20de22029ab63cf9A7Cf5fEB2b737Ca1eE4c82A6.png"
      },
      {
        "name": "Wanaka Farm",
        "symbol": "WANA",
        "address": "0x339C72829AB7DD45C3C52f965E7ABe358dd8761E",
        "chainId": 56,
        "decimals": 18,
        "logoURI": "https://assets-cdn.trustwallet.com/blockchains/smartchain/assets/0x339C72829AB7DD45C3C52f965E7ABe358dd8761E/logo.png"
      },
      {
        "name": "Metahero",
        "symbol": "HERO",
        "address": "0xD40bEDb44C081D2935eebA6eF5a3c8A31A1bBE13",
        "chainId": 56,
        "decimals": 18,
        "logoURI": "https://tokens.pancakeswap.finance/images/0xD40bEDb44C081D2935eebA6eF5a3c8A31A1bBE13.png"
      },
      {
        "name": "SeedifyFund",
        "symbol": "SFUND",
        "address": "0x477bC8d23c634C154061869478bce96BE6045D12",
        "chainId": 56,
        "decimals": 18,
        "logoURI": "https://tokens.pancakeswap.finance/images/0x477bC8d23c634C154061869478bce96BE6045D12.png"
      },
      {
        "name": "XRP Token",
        "symbol": "XRP",
        "address": "0x1D2F0da169ceB9fC7B3144628dB156f3F6c60dBE",
        "chainId": 56,
        "decimals": 18,
        "logoURI": "https://tokens.pancakeswap.finance/images/0x1D2F0da169ceB9fC7B3144628dB156f3F6c60dBE.png"
      },
      {
        "name": "Axie Infinity Shard",
        "symbol": "AXS",
        "address": "0x715D400F88C167884bbCc41C5FeA407ed4D2f8A0",
        "chainId": 56,
        "decimals": 18,
        "logoURI": "https://tokens.pancakeswap.finance/images/0x715D400F88C167884bbCc41C5FeA407ed4D2f8A0.png"
      },
      {
        "name": "TRON",
        "symbol": "TRX",
        "address": "0x85EAC5Ac2F758618dFa09bDbe0cf174e7d574D5B",
        "chainId": 56,
        "decimals": 18,
        "logoURI": "https://tokens.pancakeswap.finance/images/0x85EAC5Ac2F758618dFa09bDbe0cf174e7d574D5B.png"
      },
      {
        "name": "DeRace Token",
        "symbol": "DERC",
        "address": "0x373E768f79c820aA441540d254dCA6d045c6d25b",
        "chainId": 56,
        "decimals": 18,
        "logoURI": "https://assets-cdn.trustwallet.com/blockchains/smartchain/assets/0x373E768f79c820aA441540d254dCA6d045c6d25b/logo.png"
      },
      {
        "name": "BSCPAD.com",
        "symbol": "BSCPAD",
        "address": "0x5A3010d4d8D3B5fB49f8B6E57FB9E48063f16700",
        "chainId": 56,
        "decimals": 18,
        "logoURI": "https://tokens.pancakeswap.finance/images/0x5A3010d4d8D3B5fB49f8B6E57FB9E48063f16700.png"
      },
      {
        "name": "Binemon",
        "symbol": "BIN",
        "address": "0xe56842Ed550Ff2794F010738554db45E60730371",
        "chainId": 56,
        "decimals": 18,
        "logoURI": "https://assets-cdn.trustwallet.com/blockchains/smartchain/assets/0xe56842Ed550Ff2794F010738554db45E60730371/logo.png"
      },
      {
        "name": "Automata",
        "symbol": "ATA",
        "address": "0xA2120b9e674d3fC3875f415A7DF52e382F141225",
        "chainId": 56,
        "decimals": 18,
        "logoURI": "https://tokens.pancakeswap.finance/images/0xA2120b9e674d3fC3875f415A7DF52e382F141225.png"
      },
      {
        "name": "ChainLink Token",
        "symbol": "LINK",
        "address": "0xF8A0BF9cF54Bb92F17374d9e9A321E6a111a51bD",
        "chainId": 56,
        "decimals": 18,
        "logoURI": "https://tokens.pancakeswap.finance/images/0xF8A0BF9cF54Bb92F17374d9e9A321E6a111a51bD.png"
      },
      {
        "name": "PAID Network",
        "symbol": "PAID",
        "address": "0xAD86d0E9764ba90DDD68747D64BFfBd79879a238",
        "chainId": 56,
        "decimals": 18,
        "logoURI": "https://assets-cdn.trustwallet.com/blockchains/smartchain/assets/0xAD86d0E9764ba90DDD68747D64BFfBd79879a238/logo.png"
      },
      {
        "name": "BitTorrent Old",
        "symbol": "BTTOLD",
        "address": "0x8595F9dA7b868b1822194fAEd312235E43007b49",
        "chainId": 56,
        "decimals": 18,
        "logoURI": "https://tokens.pancakeswap.finance/images/0x8595F9dA7b868b1822194fAEd312235E43007b49.png"
      },
      {
        "name": "Alien Worlds Trilium",
        "symbol": "TLM",
        "address": "0x2222227E22102Fe3322098e4CBfE18cFebD57c95",
        "chainId": 56,
        "decimals": 4,
        "logoURI": "https://tokens.pancakeswap.finance/images/0x2222227E22102Fe3322098e4CBfE18cFebD57c95.png"
      },
      {
        "name": "Nerve",
        "symbol": "NRV",
        "address": "0x42F6f551ae042cBe50C739158b4f0CAC0Edb9096",
        "chainId": 56,
        "decimals": 18,
        "logoURI": "https://tokens.pancakeswap.finance/images/0x42F6f551ae042cBe50C739158b4f0CAC0Edb9096.png"
      },
      {
        "name": "Trust Wallet",
        "symbol": "TWT",
        "address": "0x4B0F1812e5Df2A09796481Ff14017e6005508003",
        "chainId": 56,
        "decimals": 18,
        "logoURI": "https://tokens.pancakeswap.finance/images/0x4B0F1812e5Df2A09796481Ff14017e6005508003.png"
      },
      {
        "name": "Tokocrypto Token",
        "symbol": "TKO",
        "address": "0x9f589e3eabe42ebC94A44727b3f3531C0c877809",
        "chainId": 56,
        "decimals": 18,
        "logoURI": "https://tokens.pancakeswap.finance/images/0x9f589e3eabe42ebC94A44727b3f3531C0c877809.png"
      },
      {
        "name": "Moonpot",
        "symbol": "POTS",
        "address": "0x3Fcca8648651E5b974DD6d3e50F61567779772A8",
        "chainId": 56,
        "decimals": 18,
        "logoURI": "https://tokens.pancakeswap.finance/images/0x3Fcca8648651E5b974DD6d3e50F61567779772A8.png"
      },
      {
        "name": "StarMon",
        "symbol": "SMON",
        "address": "0xAB15B79880f11cFfb58dB25eC2bc39d28c4d80d2",
        "chainId": 56,
        "decimals": 18,
        "logoURI": "https://assets-cdn.trustwallet.com/blockchains/smartchain/assets/0xAB15B79880f11cFfb58dB25eC2bc39d28c4d80d2/logo.png"
      },
      {
        "name": "Mask Network",
        "symbol": "MASK",
        "address": "0x2eD9a5C8C13b93955103B9a7C167B67Ef4d568a3",
        "chainId": 56,
        "decimals": 18,
        "logoURI": "https://tokens.pancakeswap.finance/images/0x2eD9a5C8C13b93955103B9a7C167B67Ef4d568a3.png"
      },
      {
        "name": "Swipe",
        "symbol": "SXP",
        "address": "0x47BEAd2563dCBf3bF2c9407fEa4dC236fAbA485A",
        "chainId": 56,
        "decimals": 18,
        "logoURI": "https://tokens.pancakeswap.finance/images/0x47BEAd2563dCBf3bF2c9407fEa4dC236fAbA485A.png"
      },
      {
        "name": "Qubit Token",
        "symbol": "QBT",
        "address": "0x17B7163cf1Dbd286E262ddc68b553D899B93f526",
        "chainId": 56,
        "decimals": 18,
        "logoURI": "https://tokens.pancakeswap.finance/images/0x17B7163cf1Dbd286E262ddc68b553D899B93f526.png"
      },
      {
        "name": "Chroma",
        "symbol": "CHR",
        "address": "0xf9CeC8d50f6c8ad3Fb6dcCEC577e05aA32B224FE",
        "chainId": 56,
        "decimals": 6,
        "logoURI": "https://tokens.pancakeswap.finance/images/0xf9CeC8d50f6c8ad3Fb6dcCEC577e05aA32B224FE.png"
      },
      {
        "name": "RAMP DEFI",
        "symbol": "RAMP",
        "address": "0x8519EA49c997f50cefFa444d240fB655e89248Aa",
        "chainId": 56,
        "decimals": 18,
        "logoURI": "https://tokens.pancakeswap.finance/images/0x8519EA49c997f50cefFa444d240fB655e89248Aa.png"
      },
      {
        "name": "Shirtum",
        "symbol": "SHI",
        "address": "0x7269d98Af4aA705e0B1A5D8512FadB4d45817d5a",
        "chainId": 56,
        "decimals": 18,
        "logoURI": "https://assets-cdn.trustwallet.com/blockchains/smartchain/assets/0x7269d98Af4aA705e0B1A5D8512FadB4d45817d5a/logo.png"
      },
      {
        "name": "NFTB",
        "symbol": "NFTB",
        "address": "0xde3dbBE30cfa9F437b293294d1fD64B26045C71A",
        "chainId": 56,
        "decimals": 18,
        "logoURI": "https://assets-cdn.trustwallet.com/blockchains/smartchain/assets/0xde3dbBE30cfa9F437b293294d1fD64B26045C71A/logo.png"
      },
      {
        "name": "CP",
        "symbol": "CP",
        "address": "0x82C19905B036bf4E329740989DCF6aE441AE26c1",
        "chainId": 56,
        "decimals": 18,
        "logoURI": "https://assets-cdn.trustwallet.com/blockchains/smartchain/assets/0x82C19905B036bf4E329740989DCF6aE441AE26c1/logo.png"
      },
      {
        "name": "Ellipsis",
        "symbol": "EPS",
        "address": "0xA7f552078dcC247C2684336020c03648500C6d9F",
        "chainId": 56,
        "decimals": 18,
        "logoURI": "https://tokens.pancakeswap.finance/images/0xA7f552078dcC247C2684336020c03648500C6d9F.png"
      },
      {
        "name": "WINk",
        "symbol": "WIN",
        "address": "0xaeF0d72a118ce24feE3cD1d43d383897D05B4e99",
        "chainId": 56,
        "decimals": 18,
        "logoURI": "https://tokens.pancakeswap.finance/images/0xaeF0d72a118ce24feE3cD1d43d383897D05B4e99.png"
      },
      {
        "name": "Dogecoin",
        "symbol": "DOGE",
        "address": "0xbA2aE424d960c26247Dd6c32edC70B295c744C43",
        "chainId": 56,
        "decimals": 8,
        "logoURI": "https://tokens.pancakeswap.finance/images/0xbA2aE424d960c26247Dd6c32edC70B295c744C43.png"
      },
      {
        "name": "Baby Doge Coin",
        "symbol": "BABYDOGE",
        "address": "0xc748673057861a797275CD8A068AbB95A902e8de",
        "chainId": 56,
        "decimals": 9,
        "logoURI": "https://assets-cdn.trustwallet.com/blockchains/smartchain/assets/0xc748673057861a797275CD8A068AbB95A902e8de/logo.png"
      },
      {
        "name": "rUSD",
        "symbol": "RUSD",
        "address": "0x07663837218A003e66310a01596af4bf4e44623D",
        "chainId": 56,
        "decimals": 18,
        "logoURI": "https://tokens.pancakeswap.finance/images/0x07663837218A003e66310a01596af4bf4e44623D.png"
      },
      {
        "name": "Splintershards",
        "symbol": "SPS",
        "address": "0x1633b7157e7638C4d6593436111Bf125Ee74703F",
        "chainId": 56,
        "decimals": 18,
        "logoURI": "https://tokens.pancakeswap.finance/images/0x1633b7157e7638C4d6593436111Bf125Ee74703F.png"
      },
      {
        "name": "CryptoBlades Skill Token",
        "symbol": "SKILL",
        "address": "0x154A9F9cbd3449AD22FDaE23044319D6eF2a1Fab",
        "chainId": 56,
        "decimals": 18,
        "logoURI": "https://tokens.pancakeswap.finance/images/0x154A9F9cbd3449AD22FDaE23044319D6eF2a1Fab.png"
      },
      {
        "name": "BELT Token",
        "symbol": "BELT",
        "address": "0xE0e514c71282b6f4e823703a39374Cf58dc3eA4f",
        "chainId": 56,
        "decimals": 18,
        "logoURI": "https://tokens.pancakeswap.finance/images/0xE0e514c71282b6f4e823703a39374Cf58dc3eA4f.png"
      },
      {
        "name": "FLOKI",
        "symbol": "FLOKI",
        "address": "0x2B3F34e9D4b127797CE6244Ea341a83733ddd6E4",
        "chainId": 56,
        "decimals": 9,
        "logoURI": "https://assets-cdn.trustwallet.com/blockchains/smartchain/assets/0x2B3F34e9D4b127797CE6244Ea341a83733ddd6E4/logo.png"
      },
      {
        "name": "TrueUSD",
        "symbol": "TUSD",
        "address": "0x14016E85a25aeb13065688cAFB43044C2ef86784",
        "chainId": 56,
        "decimals": 18,
        "logoURI": "https://tokens.pancakeswap.finance/images/0x14016E85a25aeb13065688cAFB43044C2ef86784.png"
      },
      {
        "name": "Harmony ONE",
        "symbol": "ONE",
        "address": "0x03fF0ff224f904be3118461335064bB48Df47938",
        "chainId": 56,
        "decimals": 18,
        "logoURI": "https://tokens.pancakeswap.finance/images/0x03fF0ff224f904be3118461335064bB48Df47938.png"
      },
      {
        "name": "Etherconnect Coin",
        "symbol": "ECC",
        "address": "0x8D047F4F57A190C96c8b9704B39A1379E999D82B",
        "chainId": 56,
        "decimals": 8,
        "logoURI": "https://assets-cdn.trustwallet.com/blockchains/smartchain/assets/0x8D047F4F57A190C96c8b9704B39A1379E999D82B/logo.png"
      },
      {
        "name": "Mist",
        "symbol": "MIST",
        "address": "0x68E374F856bF25468D365E539b700b648Bf94B67",
        "chainId": 56,
        "decimals": 18,
        "logoURI": "https://assets-cdn.trustwallet.com/blockchains/smartchain/assets/0x68E374F856bF25468D365E539b700b648Bf94B67/logo.png"
      },
      {
        "name": "PET GAMES",
        "symbol": "PETG",
        "address": "0x09607078980CbB0665ABa9c6D1B84b8eAD246aA0",
        "chainId": 56,
        "decimals": 18,
        "logoURI": "https://assets-cdn.trustwallet.com/blockchains/smartchain/assets/0x09607078980CbB0665ABa9c6D1B84b8eAD246aA0/logo.png"
      },
      {
        "name": "My DeFi Pet Token",
        "symbol": "DPET",
        "address": "0xfb62AE373acA027177D1c18Ee0862817f9080d08",
        "chainId": 56,
        "decimals": 18,
        "logoURI": "https://assets-cdn.trustwallet.com/blockchains/smartchain/assets/0xfb62AE373acA027177D1c18Ee0862817f9080d08/logo.png"
      },
      {
        "name": "Uniswap",
        "symbol": "UNI",
        "address": "0xBf5140A22578168FD562DCcF235E5D43A02ce9B1",
        "chainId": 56,
        "decimals": 18,
        "logoURI": "https://tokens.pancakeswap.finance/images/0xBf5140A22578168FD562DCcF235E5D43A02ce9B1.png"
      },
      {
        "name": "UniCrypt on xDai on BSC",
        "symbol": "UNCX",
        "address": "0x09a6c44c3947B69E2B45F4D51b67E6a39ACfB506",
        "chainId": 56,
        "decimals": 18,
        "logoURI": "https://assets-cdn.trustwallet.com/blockchains/smartchain/assets/0x09a6c44c3947B69E2B45F4D51b67E6a39ACfB506/logo.png"
      },
      {
        "name": "MiniFootball",
        "symbol": "MINIFOOTBALL",
        "address": "0xD024Ac1195762F6F13f8CfDF3cdd2c97b33B248b",
        "chainId": 56,
        "decimals": 9,
        "logoURI": "https://assets-cdn.trustwallet.com/blockchains/smartchain/assets/0xD024Ac1195762F6F13f8CfDF3cdd2c97b33B248b/logo.png"
      },
      {
        "name": "IoTeX Network",
        "symbol": "IOTX",
        "address": "0x9678E42ceBEb63F23197D726B29b1CB20d0064E5",
        "chainId": 56,
        "decimals": 18,
        "logoURI": "https://tokens.pancakeswap.finance/images/0x9678E42ceBEb63F23197D726B29b1CB20d0064E5.png"
      },
      {
        "name": "FaraCrystal",
        "symbol": "FARA",
        "address": "0xF4Ed363144981D3A65f42e7D0DC54FF9EEf559A1",
        "chainId": 56,
        "decimals": 18,
        "logoURI": "https://assets-cdn.trustwallet.com/blockchains/smartchain/assets/0xF4Ed363144981D3A65f42e7D0DC54FF9EEf559A1/logo.png"
      },
      {
        "name": "VAI Stablecoin",
        "symbol": "VAI",
        "address": "0x4BD17003473389A42DAF6a0a729f6Fdb328BbBd7",
        "chainId": 56,
        "decimals": 18,
        "logoURI": "https://tokens.pancakeswap.finance/images/0x4BD17003473389A42DAF6a0a729f6Fdb328BbBd7.png"
      },
      {
        "name": "Bear",
        "symbol": "BEAR",
        "address": "0xc3EAE9b061Aa0e1B9BD3436080Dc57D2d63FEdc1",
        "chainId": 56,
        "decimals": 18,
        "logoURI": "https://assets-cdn.trustwallet.com/blockchains/smartchain/assets/0xc3EAE9b061Aa0e1B9BD3436080Dc57D2d63FEdc1/logo.png"
      },
      {
        "name": "SafePal Token",
        "symbol": "SFP",
        "address": "0xD41FDb03Ba84762dD66a0af1a6C8540FF1ba5dfb",
        "chainId": 56,
        "decimals": 18,
        "logoURI": "https://tokens.pancakeswap.finance/images/0xD41FDb03Ba84762dD66a0af1a6C8540FF1ba5dfb.png"
      },
      {
        "name": "YAY Games",
        "symbol": "YAY",
        "address": "0x524dF384BFFB18C0C8f3f43d012011F8F9795579",
        "chainId": 56,
        "decimals": 18,
        "logoURI": "https://assets-cdn.trustwallet.com/blockchains/smartchain/assets/0x524dF384BFFB18C0C8f3f43d012011F8F9795579/logo.png"
      },
      {
        "name": "DODO bird",
        "symbol": "DODO",
        "address": "0x67ee3Cb086F8a16f34beE3ca72FAD36F7Db929e2",
        "chainId": 56,
        "decimals": 18,
        "logoURI": "https://tokens.pancakeswap.finance/images/0x67ee3Cb086F8a16f34beE3ca72FAD36F7Db929e2.png"
      },
      {
        "name": "ZomaInfinity",
        "symbol": "ZIN",
        "address": "0xFbe0b4aE6E5a200c36A341299604D5f71A5F0a48",
        "chainId": 56,
        "decimals": 18,
        "logoURI": "https://assets-cdn.trustwallet.com/blockchains/smartchain/assets/0xFbe0b4aE6E5a200c36A341299604D5f71A5F0a48/logo.png"
      },
      {
        "name": "SushiToken",
        "symbol": "SUSHI",
        "address": "0x947950BcC74888a40Ffa2593C5798F11Fc9124C4",
        "chainId": 56,
        "decimals": 18,
        "logoURI": "https://tokens.pancakeswap.finance/images/0x947950BcC74888a40Ffa2593C5798F11Fc9124C4.png"
      },
      {
        "name": "Monsta Infinite Token",
        "symbol": "MONI",
        "address": "0x9573c88aE3e37508f87649f87c4dd5373C9F31e0",
        "chainId": 56,
        "decimals": 18,
        "logoURI": "https://assets-cdn.trustwallet.com/blockchains/smartchain/assets/0x9573c88aE3e37508f87649f87c4dd5373C9F31e0/logo.png"
      },
      {
        "name": "Altura",
        "symbol": "ALU",
        "address": "0x8263CD1601FE73C066bf49cc09841f35348e3be0",
        "chainId": 56,
        "decimals": 18,
        "logoURI": "https://assets-cdn.trustwallet.com/blockchains/smartchain/assets/0x8263CD1601FE73C066bf49cc09841f35348e3be0/logo.png"
      },
      {
        "name": "BinaryX",
        "symbol": "BNX",
        "address": "0x8C851d1a123Ff703BD1f9dabe631b69902Df5f97",
        "chainId": 56,
        "decimals": 18,
        "logoURI": "https://assets-cdn.trustwallet.com/blockchains/smartchain/assets/0x8C851d1a123Ff703BD1f9dabe631b69902Df5f97/logo.png"
      },
      {
        "name": "Injective Protocol",
        "symbol": "INJ",
        "address": "0xa2B726B1145A4773F68593CF171187d8EBe4d495",
        "chainId": 56,
        "decimals": 18,
        "logoURI": "https://tokens.pancakeswap.finance/images/0xa2B726B1145A4773F68593CF171187d8EBe4d495.png"
      },
      {
        "name": "PandaInu Wallet Token",
        "symbol": "PWT",
        "address": "0xf3eDD4f14a018df4b6f02Bf1b2cF17A8120519A2",
        "chainId": 56,
        "decimals": 8,
        "logoURI": "https://assets-cdn.trustwallet.com/blockchains/smartchain/assets/0xf3eDD4f14a018df4b6f02Bf1b2cF17A8120519A2/logo.png"
      },
      {
        "name": "TRONPAD.network",
        "symbol": "TRONPAD",
        "address": "0x1Bf7AedeC439D6BFE38f8f9b20CF3dc99e3571C4",
        "chainId": 56,
        "decimals": 18,
        "logoURI": "https://assets-cdn.trustwallet.com/blockchains/smartchain/assets/0x1Bf7AedeC439D6BFE38f8f9b20CF3dc99e3571C4/logo.png"
      },
      {
        "name": "Linear Token",
        "symbol": "LINA",
        "address": "0x762539b45A1dCcE3D36d080F74d1AED37844b878",
        "chainId": 56,
        "decimals": 18,
        "logoURI": "https://tokens.pancakeswap.finance/images/0x762539b45A1dCcE3D36d080F74d1AED37844b878.png"
      },
      {
        "name": "KmonCoin",
        "symbol": "KMON",
        "address": "0xc732B6586A93b6B7CF5FeD3470808Bc74998224D",
        "chainId": 56,
        "decimals": 18,
        "logoURI": "https://assets-cdn.trustwallet.com/blockchains/smartchain/assets/0xc732B6586A93b6B7CF5FeD3470808Bc74998224D/logo.png"
      },
      {
        "name": "TokenPocket Token",
        "symbol": "TPT",
        "address": "0xECa41281c24451168a37211F0bc2b8645AF45092",
        "chainId": 56,
        "decimals": 4,
        "logoURI": "https://tokens.pancakeswap.finance/images/0xECa41281c24451168a37211F0bc2b8645AF45092.png"
      },
      {
        "name": "Frontier Token",
        "symbol": "FRONT",
        "address": "0x928e55daB735aa8260AF3cEDadA18B5f70C72f1b",
        "chainId": 56,
        "decimals": 18,
        "logoURI": "https://tokens.pancakeswap.finance/images/0x928e55daB735aa8260AF3cEDadA18B5f70C72f1b.png"
      },
      {
        "name": "CyberDragon Gold",
        "symbol": "GOLD",
        "address": "0xb3a6381070B1a15169DEA646166EC0699fDAeA79",
        "chainId": 56,
        "decimals": 18,
        "logoURI": "https://assets-cdn.trustwallet.com/blockchains/smartchain/assets/0xb3a6381070B1a15169DEA646166EC0699fDAeA79/logo.png"
      },
      {
        "name": "DeathRoad Token",
        "symbol": "DRACE",
        "address": "0xA6c897CaaCA3Db7fD6e2D2cE1a00744f40aB87Bb",
        "chainId": 56,
        "decimals": 18,
        "logoURI": "https://assets-cdn.trustwallet.com/blockchains/smartchain/assets/0xA6c897CaaCA3Db7fD6e2D2cE1a00744f40aB87Bb/logo.png"
      },
      {
        "name": "TrusterCoin",
        "symbol": "TSC",
        "address": "0xA2a26349448ddAfAe34949a6Cc2cEcF78c0497aC",
        "chainId": 56,
        "decimals": 9,
        "logoURI": "https://assets-cdn.trustwallet.com/blockchains/smartchain/assets/0xA2a26349448ddAfAe34949a6Cc2cEcF78c0497aC/logo.png"
      },
      {
        "name": "DragonSlayer",
        "symbol": "DRS",
        "address": "0xc8E8ecB2A5B5d1eCFf007BF74d15A86434aA0c5C",
        "chainId": 56,
        "decimals": 9,
        "logoURI": "https://assets-cdn.trustwallet.com/blockchains/smartchain/assets/0xc8E8ecB2A5B5d1eCFf007BF74d15A86434aA0c5C/logo.png"
      },
      {
        "name": "Hunny Token",
        "symbol": "HUNNY",
        "address": "0x565b72163f17849832A692A3c5928cc502f46D69",
        "chainId": 56,
        "decimals": 18,
        "logoURI": "https://assets-cdn.trustwallet.com/blockchains/smartchain/assets/0x565b72163f17849832A692A3c5928cc502f46D69/logo.png"
      },
      {
        "name": "WEYU",
        "symbol": "WEYU",
        "address": "0xFAfD4CB703B25CB22f43D017e7e0d75FEBc26743",
        "chainId": 56,
        "decimals": 18,
        "logoURI": "https://assets-cdn.trustwallet.com/blockchains/smartchain/assets/0xFAfD4CB703B25CB22f43D017e7e0d75FEBc26743/logo.png"
      },
      {
        "name": "Cosmos Token",
        "symbol": "ATOM",
        "address": "0x0Eb3a705fc54725037CC9e008bDede697f62F335",
        "chainId": 56,
        "decimals": 18,
        "logoURI": "https://tokens.pancakeswap.finance/images/0x0Eb3a705fc54725037CC9e008bDede697f62F335.png"
      },
      {
        "name": "Polkamon",
        "symbol": "PMON",
        "address": "0x1796ae0b0fa4862485106a0de9b654eFE301D0b2",
        "chainId": 56,
        "decimals": 18,
        "logoURI": "https://tokens.pancakeswap.finance/images/0x1796ae0b0fa4862485106a0de9b654eFE301D0b2.png"
      },
      {
        "name": "Reef.finance",
        "symbol": "REEF",
        "address": "0xF21768cCBC73Ea5B6fd3C687208a7c2def2d966e",
        "chainId": 56,
        "decimals": 18,
        "logoURI": "https://tokens.pancakeswap.finance/images/0xF21768cCBC73Ea5B6fd3C687208a7c2def2d966e.png"
      },
      {
        "name": "Pink Token",
        "symbol": "PINK",
        "address": "0x9133049Fb1FdDC110c92BF5b7Df635abB70C89DC",
        "chainId": 56,
        "decimals": 18,
        "logoURI": "https://assets-cdn.trustwallet.com/blockchains/smartchain/assets/0x9133049Fb1FdDC110c92BF5b7Df635abB70C89DC/logo.png"
      },
      {
        "name": "Nobility",
        "symbol": "NBL",
        "address": "0xA67a13c9283Da5AABB199Da54a9Cb4cD8B9b16bA",
        "chainId": 56,
        "decimals": 18,
        "logoURI": "https://assets-cdn.trustwallet.com/blockchains/smartchain/assets/0xA67a13c9283Da5AABB199Da54a9Cb4cD8B9b16bA/logo.png"
      },
      {
        "name": "Formation Finance",
        "symbol": "FORM",
        "address": "0x25A528af62e56512A19ce8c3cAB427807c28CC19",
        "chainId": 56,
        "decimals": 18,
        "logoURI": "https://tokens.pancakeswap.finance/images/0x25A528af62e56512A19ce8c3cAB427807c28CC19.png"
      },
      {
        "name": "Kaby Arena",
        "symbol": "KABY",
        "address": "0x02A40C048eE2607B5f5606e445CFc3633Fb20b58",
        "chainId": 56,
        "decimals": 18,
        "logoURI": "https://assets-cdn.trustwallet.com/blockchains/smartchain/assets/0x02A40C048eE2607B5f5606e445CFc3633Fb20b58/logo.png"
      },
      {
        "name": "Dvision",
        "symbol": "DVI",
        "address": "0x758FB037A375F17c7e195CC634D77dA4F554255B",
        "chainId": 56,
        "decimals": 18,
        "logoURI": "https://tokens.pancakeswap.finance/images/0x758FB037A375F17c7e195CC634D77dA4F554255B.png"
      },
      {
        "name": "Mound Token",
        "symbol": "MND",
        "address": "0x4c97c901B5147F8C1C7Ce3c5cF3eB83B44F244fE",
        "chainId": 56,
        "decimals": 18,
        "logoURI": "https://assets-cdn.trustwallet.com/blockchains/smartchain/assets/0x4c97c901B5147F8C1C7Ce3c5cF3eB83B44F244fE/logo.png"
      },
      {
        "name": "UNCL on xDai on BSC",
        "symbol": "UNCL",
        "address": "0x0E8D5504bF54D9E44260f8d153EcD5412130CaBb",
        "chainId": 56,
        "decimals": 18,
        "logoURI": "https://assets-cdn.trustwallet.com/blockchains/smartchain/assets/0x0E8D5504bF54D9E44260f8d153EcD5412130CaBb/logo.png"
      },
      {
        "name": "AlinX",
        "symbol": "ALIX",
        "address": "0xaF6Bd11A6F8f9c44b9D18f5FA116E403db599f8E",
        "chainId": 56,
        "decimals": 18,
        "logoURI": "https://assets-cdn.trustwallet.com/blockchains/smartchain/assets/0xaF6Bd11A6F8f9c44b9D18f5FA116E403db599f8E/logo.png"
      },
      {
        "name": "Poco Token",
        "symbol": "POCO",
        "address": "0x394bBA8F309f3462b31238B3fd04b83F71A98848",
        "chainId": 56,
        "decimals": 18,
        "logoURI": "https://assets-cdn.trustwallet.com/blockchains/smartchain/assets/0x394bBA8F309f3462b31238B3fd04b83F71A98848/logo.png"
      },
      {
        "name": "Honey token",
        "symbol": "HONEY",
        "address": "0xFa363022816aBf82f18a9C2809dCd2BB393F6AC5",
        "chainId": 56,
        "decimals": 18,
        "logoURI": "https://assets-cdn.trustwallet.com/blockchains/smartchain/assets/0xFa363022816aBf82f18a9C2809dCd2BB393F6AC5/logo.png"
      },
      {
        "name": "Bella Protocol",
        "symbol": "BEL",
        "address": "0x8443f091997f06a61670B735ED92734F5628692F",
        "chainId": 56,
        "decimals": 18,
        "logoURI": "https://tokens.pancakeswap.finance/images/0x8443f091997f06a61670B735ED92734F5628692F.png"
      }
  ]